Price Date,Unnamed: 0,Min Price (Rs./Quintal),Max Price (Rs./Quintal),Modal Price (Rs./Quintal),temperature_C,rainfall_mm
2020-01-01,0.0,3860.0,5980.0,4830.0,13.45,2.42
2020-01-02,1.0,3900.0,6000.0,4900.0,15.52,2.86
2020-01-03,2.0,3800.0,6200.0,5500.0,14.81,0.07
2020-01-04,3.0,3500.0,6000.0,5200.0,13.25,0.0
2020-01-05,4.0,3000.0,4000.0,3500.0,12.77,0.0
2020-01-06,5.0,3840.0,6280.0,5360.0,13.83,0.0
2020-01-07,6.0,3650.0,5880.0,4720.0,15.82,0.0
2020-01-08,7.0,3520.0,5050.0,4670.0,17.05,0.42
2020-01-09,8.0,3460.0,5190.0,4640.0,12.08,0.05
2020-01-10,9.0,3250.0,4880.0,4170.0,9.61,0.0
2020-01-11,10.0,2840.0,4450.0,3540.0,10.74,0.0
2020-01-12,11.0,2640.0,4260.0,3250.0,14.33,0.0
2020-01-13,11.0,2635.0,4285.0,3298.0,16.69,0.0
2020-01-14,11.0,2630.0,4310.0,3345.0,17.78,0.56
2020-01-15,11.0,2625.0,4335.0,3392.0,17.89,0.81
2020-01-16,12.0,2620.0,4360.0,3440.0,15.81,0.7
2020-01-17,13.0,2840.0,4580.0,3660.0,13.19,0.02
2020-01-18,14.0,2600.0,4250.0,3500.0,13.77,0.0
2020-01-19,15.0,2850.0,4480.0,3660.0,12.55,0.0
2020-01-20,16.0,2820.0,4040.0,3330.0,12.86,0.0
2020-01-21,17.0,2240.0,3880.0,3040.0,17.07,0.28
2020-01-22,18.0,2040.0,3680.0,2860.0,18.11,1.52
2020-01-23,19.0,2150.0,3880.0,3070.0,14.98,0.0
2020-01-24,20.0,2400.0,4580.0,3670.0,13.97,0.0
2020-01-25,21.0,2830.0,4660.0,3840.0,15.02,0.0
2020-01-26,22.0,2620.0,4460.0,3540.0,16.25,0.0
2020-01-27,23.0,2420.0,4260.0,3240.0,18.56,0.0
2020-01-28,24.0,2640.0,4480.0,3560.0,17.54,0.0
2020-01-29,25.0,2240.0,4080.0,3260.0,15.09,0.0
2020-01-30,26.0,2120.0,3860.0,3040.0,13.51,0.0
2020-01-31,27.0,2240.0,3680.0,2860.0,14.03,0.0
2020-02-01,27.0,2060.0,3575.0,2730.0,13.89,0.0
2020-02-02,27.0,1880.0,3470.0,2600.0,13.63,0.0
2020-02-03,27.0,1700.0,3365.0,2470.0,15.21,0.01
2020-02-04,28.0,1520.0,3260.0,2340.0,16.89,0.05
2020-02-05,29.0,1650.0,2280.0,2260.0,16.61,0.0
2020-02-06,30.0,1520.0,2860.0,2240.0,16.87,0.0
2020-02-07,31.0,1640.0,2890.0,2260.0,16.16,0.0
2020-02-08,32.0,1520.0,2760.0,2140.0,14.29,0.0
2020-02-09,33.0,1680.0,2840.0,2210.0,12.99,0.0
2020-02-10,34.0,1650.0,3080.0,2370.0,14.51,0.0
2020-02-11,35.0,1610.0,3060.0,2410.0,16.38,0.0
2020-02-12,36.0,1500.0,3080.0,2350.0,17.99,0.0
2020-02-13,37.0,1720.0,3260.0,2540.0,20.03,0.0
2020-02-14,38.0,1540.0,3080.0,2460.0,19.08,0.0
2020-02-15,39.0,1570.0,2810.0,2405.0,19.0,0.0
2020-02-16,40.0,1150.0,2480.0,1870.0,18.8,0.0
2020-02-17,41.0,1240.0,2480.0,1760.0,18.72,0.0
2020-02-18,42.0,1220.0,2260.0,1640.0,20.2,0.0
2020-02-19,43.0,1140.0,2280.0,1660.0,20.97,0.0
2020-02-20,44.0,1240.0,1780.0,1650.0,21.36,0.0
2020-02-21,45.0,1120.0,2260.0,1640.0,21.06,0.0
2020-02-22,46.0,1250.0,2480.0,1870.0,19.67,0.0
2020-02-23,46.0,1150.0,2380.0,1770.0,19.83,0.0
2020-02-24,47.0,1050.0,2280.0,1670.0,19.0,0.0
2020-02-25,48.0,1020.0,2130.0,1550.0,19.3,0.0
2020-02-26,49.0,1020.0,2040.0,1530.0,20.58,0.0
2020-02-27,50.0,1210.0,2150.0,1630.0,21.73,0.0
2020-02-28,51.0,1020.0,2060.0,1540.0,22.57,0.0
2020-02-29,52.0,1050.0,2080.0,1570.0,23.39,0.33
2020-03-01,52.0,1035.0,2110.0,1550.0,24.01,1.33
2020-03-02,53.0,1020.0,2140.0,1530.0,24.23,0.93
2020-03-03,54.0,1050.0,2380.0,1670.0,23.34,0.01
2020-03-04,55.0,1020.0,2280.0,1540.0,22.62,0.02
2020-03-05,56.0,1050.0,2280.0,1670.0,22.11,0.0
2020-03-06,57.0,1020.0,2260.0,1640.0,21.9,0.08
2020-03-07,58.0,1020.0,2060.0,1540.0,21.09,0.0
2020-03-08,59.0,1250.0,2280.0,1760.0,20.76,0.0
2020-03-09,60.0,1030.0,2190.0,1660.0,22.41,0.0
2020-03-10,61.0,1220.0,2280.0,1850.0,24.04,0.67
2020-03-11,62.0,1250.0,2380.0,1860.0,23.66,0.08
2020-03-12,63.0,1240.0,2360.0,1850.0,22.72,0.0
2020-03-13,64.0,950.0,2070.0,1460.0,20.93,0.02
2020-03-14,64.0,985.0,2115.0,1500.0,20.62,0.03
2020-03-15,65.0,1020.0,2160.0,1540.0,20.16,0.0
2020-03-16,66.0,1070.0,2000.0,1520.0,21.75,0.0
2020-03-17,67.0,1000.0,1800.0,1400.0,23.87,0.0
2020-03-18,68.0,1000.0,1600.0,1470.0,24.86,0.0
2020-03-19,69.0,1000.0,1800.0,1400.0,25.82,0.35
2020-03-20,70.0,1000.0,1600.0,1400.0,25.86,0.04
2020-03-21,71.0,1000.0,1700.0,1400.0,25.47,0.0
2020-03-22,72.0,1000.0,1650.0,1470.0,26.62,0.0
2020-03-23,73.0,1000.0,1500.0,1200.0,28.0,0.0
2020-03-24,74.0,1000.0,1600.0,1400.0,28.55,0.0
2020-03-25,75.0,1000.0,1500.0,1200.0,28.59,4.2
2020-03-26,76.0,1000.0,2000.0,1500.0,26.54,2.17
2020-03-27,77.0,1000.0,2000.0,1500.0,25.48,5.42
2020-03-28,78.0,1000.0,1500.0,1200.0,26.0,0.02
2020-03-29,79.0,1000.0,1500.0,1200.0,26.4,0.0
2020-03-30,80.0,1000.0,1500.0,1200.0,26.92,0.0
2020-03-31,81.0,1000.0,1500.0,1200.0,27.79,0.03
2020-04-01,81.0,995.0,1493.0,1195.0,27.72,0.0
2020-04-02,81.0,989.0,1487.0,1189.0,26.73,0.0
2020-04-03,81.0,984.0,1480.0,1184.0,27.17,0.0
2020-04-04,81.0,979.0,1473.0,1179.0,27.57,0.0
2020-04-05,81.0,973.0,1467.0,1173.0,28.85,0.0
2020-04-06,81.0,968.0,1460.0,1168.0,29.72,0.0
2020-04-07,81.0,963.0,1453.0,1163.0,29.43,0.0
2020-04-08,81.0,957.0,1447.0,1157.0,29.61,0.0
2020-04-09,81.0,952.0,1440.0,1152.0,29.21,0.0
2020-04-10,81.0,947.0,1433.0,1147.0,30.68,0.0
2020-04-11,81.0,941.0,1427.0,1141.0,31.27,0.0
2020-04-12,81.0,936.0,1420.0,1136.0,31.5,0.0
2020-04-13,81.0,931.0,1413.0,1131.0,31.97,0.0
2020-04-14,81.0,925.0,1407.0,1125.0,33.59,0.0
2020-04-15,81.0,920.0,1400.0,1120.0,33.38,0.0
2020-04-16,81.0,915.0,1393.0,1115.0,33.3,0.0
2020-04-17,81.0,909.0,1387.0,1109.0,33.0,0.0
2020-04-18,81.0,904.0,1380.0,1104.0,32.52,0.48
2020-04-19,81.0,899.0,1373.0,1099.0,32.6,0.05
2020-04-20,81.0,893.0,1367.0,1093.0,31.41,0.0
2020-04-21,81.0,888.0,1360.0,1088.0,29.92,0.0
2020-04-22,81.0,883.0,1353.0,1083.0,32.01,0.0
2020-04-23,81.0,877.0,1347.0,1077.0,32.69,0.0
2020-04-24,81.0,872.0,1340.0,1072.0,33.15,0.11
2020-04-25,81.0,867.0,1333.0,1067.0,32.69,0.0
2020-04-26,81.0,861.0,1327.0,1061.0,32.13,0.01
2020-04-27,81.0,856.0,1320.0,1056.0,32.3,0.3
2020-04-28,81.0,851.0,1313.0,1051.0,32.18,0.08
2020-04-29,81.0,845.0,1307.0,1045.0,32.32,0.44
2020-04-30,81.0,840.0,1300.0,1040.0,33.15,0.34
2020-05-01,81.0,835.0,1293.0,1035.0,34.29,0.1
2020-05-02,81.0,829.0,1287.0,1029.0,34.06,0.0
2020-05-03,81.0,824.0,1280.0,1024.0,33.65,0.0
2020-05-04,81.0,819.0,1273.0,1019.0,34.71,0.18
2020-05-05,81.0,813.0,1267.0,1013.0,33.35,0.22
2020-05-06,81.0,808.0,1260.0,1008.0,33.7,0.0
2020-05-07,81.0,803.0,1253.0,1003.0,34.1,0.89
2020-05-08,81.0,797.0,1247.0,997.0,34.06,0.0
2020-05-09,81.0,792.0,1240.0,992.0,35.15,0.0
2020-05-10,81.0,787.0,1233.0,987.0,35.52,0.21
2020-05-11,81.0,781.0,1227.0,981.0,34.74,2.43
2020-05-12,81.0,776.0,1220.0,976.0,34.12,2.21
2020-05-13,81.0,771.0,1213.0,971.0,34.8,0.03
2020-05-14,81.0,765.0,1207.0,965.0,34.98,1.75
2020-05-15,81.0,760.0,1200.0,960.0,35.59,0.01
2020-05-16,81.0,755.0,1193.0,955.0,35.42,0.24
2020-05-17,81.0,749.0,1187.0,949.0,35.48,0.95
2020-05-18,81.0,744.0,1180.0,944.0,34.64,0.04
2020-05-19,81.0,739.0,1173.0,939.0,34.25,0.01
2020-05-20,81.0,733.0,1167.0,933.0,34.24,0.0
2020-05-21,81.0,728.0,1160.0,928.0,33.98,0.0
2020-05-22,81.0,723.0,1153.0,923.0,35.11,0.0
2020-05-23,81.0,717.0,1147.0,917.0,36.32,0.0
2020-05-24,81.0,712.0,1140.0,912.0,36.51,0.0
2020-05-25,81.0,707.0,1133.0,907.0,36.61,0.0
2020-05-26,81.0,701.0,1127.0,901.0,36.67,0.0
2020-05-27,81.0,696.0,1120.0,896.0,36.58,0.0
2020-05-28,81.0,691.0,1113.0,891.0,36.01,0.0
2020-05-29,81.0,685.0,1107.0,885.0,35.87,0.01
2020-05-30,81.0,680.0,1100.0,880.0,35.28,0.01
2020-05-31,81.0,675.0,1093.0,875.0,34.55,0.0
2020-06-01,81.0,669.0,1087.0,869.0,33.67,0.02
2020-06-02,81.0,664.0,1080.0,864.0,31.05,0.76
2020-06-03,81.0,659.0,1073.0,859.0,30.6,8.76
2020-06-04,81.0,653.0,1067.0,853.0,23.41,47.77
2020-06-05,81.0,648.0,1060.0,848.0,25.87,9.62
2020-06-06,81.0,643.0,1053.0,843.0,27.19,3.66
2020-06-07,81.0,637.0,1047.0,837.0,28.41,1.57
2020-06-08,81.0,632.0,1040.0,832.0,29.09,0.01
2020-06-09,81.0,627.0,1033.0,827.0,30.56,0.83
2020-06-10,81.0,621.0,1027.0,821.0,31.65,2.56
2020-06-11,81.0,616.0,1020.0,816.0,31.51,3.44
2020-06-12,81.0,611.0,1013.0,811.0,31.96,0.04
2020-06-13,81.0,605.0,1007.0,805.0,29.69,5.92
2020-06-14,82.0,600.0,1000.0,800.0,30.37,1.33
2020-06-15,83.0,600.0,1000.0,800.0,30.31,10.01
2020-06-16,84.0,600.0,1000.0,800.0,31.45,2.31
2020-06-17,85.0,600.0,1000.0,800.0,30.24,23.88
2020-06-18,86.0,600.0,1000.0,800.0,29.34,22.52
2020-06-19,87.0,400.0,800.0,600.0,29.23,17.55
2020-06-20,88.0,400.0,800.0,600.0,28.03,9.81
2020-06-21,89.0,400.0,800.0,600.0,29.42,12.57
2020-06-22,90.0,400.0,800.0,600.0,29.33,10.06
2020-06-23,91.0,400.0,800.0,600.0,28.3,7.91
2020-06-24,92.0,400.0,800.0,600.0,26.83,27.12
2020-06-25,93.0,400.0,800.0,600.0,27.42,2.74
2020-06-26,94.0,400.0,800.0,600.0,27.28,6.64
2020-06-27,95.0,400.0,800.0,600.0,27.09,3.96
2020-06-28,96.0,400.0,800.0,600.0,28.57,3.19
2020-06-29,97.0,400.0,800.0,600.0,28.54,1.37
2020-06-30,98.0,400.0,800.0,600.0,28.8,3.82
2020-07-01,98.0,500.0,900.0,700.0,28.52,3.1
2020-07-02,99.0,600.0,1000.0,800.0,27.77,7.86
2020-07-03,100.0,400.0,800.0,600.0,27.4,5.03
2020-07-04,101.0,400.0,800.0,600.0,28.14,2.07
2020-07-05,101.0,400.0,800.0,600.0,27.12,12.56
2020-07-06,102.0,400.0,800.0,600.0,26.94,14.43
2020-07-07,103.0,400.0,800.0,600.0,26.77,2.92
2020-07-08,104.0,400.0,800.0,600.0,28.03,0.09
2020-07-09,105.0,400.0,800.0,600.0,28.16,0.17
2020-07-10,106.0,500.0,700.0,600.0,26.35,4.05
2020-07-11,107.0,500.0,800.0,600.0,27.61,0.69
2020-07-12,108.0,600.0,1000.0,800.0,27.54,4.03
2020-07-13,109.0,600.0,900.0,800.0,27.94,4.57
2020-07-14,110.0,400.0,800.0,600.0,26.83,0.48
2020-07-15,111.0,400.0,800.0,600.0,27.6,7.97
2020-07-16,111.0,400.0,800.0,600.0,28.05,1.72
2020-07-17,112.0,400.0,800.0,600.0,28.57,1.13
2020-07-18,113.0,400.0,800.0,600.0,28.63,0.15
2020-07-19,113.0,500.0,900.0,700.0,28.33,0.17
2020-07-20,114.0,600.0,1000.0,800.0,27.99,8.66
2020-07-21,115.0,400.0,800.0,600.0,27.68,0.75
2020-07-22,115.0,400.0,800.0,600.0,28.06,0.42
2020-07-23,116.0,400.0,800.0,600.0,28.03,6.81
2020-07-24,116.0,400.0,800.0,600.0,27.07,10.0
2020-07-25,116.0,400.0,800.0,600.0,27.08,3.26
2020-07-26,116.0,400.0,800.0,600.0,27.41,3.3
2020-07-27,116.0,400.0,800.0,600.0,28.14,1.09
2020-07-28,116.0,400.0,800.0,600.0,27.55,1.9
2020-07-29,116.0,400.0,800.0,600.0,27.45,6.09
2020-07-30,116.0,400.0,800.0,600.0,27.59,3.13
2020-07-31,116.0,400.0,800.0,600.0,28.27,0.3
2020-08-01,116.0,400.0,800.0,600.0,27.67,0.48
2020-08-02,116.0,400.0,800.0,600.0,28.06,2.87
2020-08-03,116.0,400.0,800.0,600.0,27.67,6.73
2020-08-04,117.0,400.0,800.0,600.0,27.34,6.35
2020-08-05,118.0,600.0,1000.0,800.0,26.94,33.44
2020-08-06,119.0,600.0,1000.0,800.0,26.79,14.99
2020-08-07,120.0,800.0,1200.0,1000.0,26.84,5.02
2020-08-08,121.0,600.0,1000.0,800.0,27.13,9.7
2020-08-09,122.0,400.0,800.0,600.0,26.45,3.75
2020-08-10,123.0,600.0,1000.0,800.0,27.29,2.74
2020-08-11,124.0,600.0,1000.0,800.0,27.04,14.04
2020-08-12,125.0,600.0,1000.0,800.0,25.66,10.15
2020-08-13,126.0,400.0,800.0,600.0,27.08,14.02
2020-08-14,127.0,400.0,800.0,600.0,26.7,4.59
2020-08-15,128.0,400.0,800.0,600.0,26.61,1.62
2020-08-16,129.0,600.0,1000.0,800.0,26.87,8.92
2020-08-17,130.0,600.0,1000.0,800.0,26.33,12.86
2020-08-18,131.0,1000.0,1500.0,1200.0,25.49,16.6
2020-08-19,132.0,600.0,1000.0,800.0,26.54,20.6
2020-08-20,133.0,600.0,1000.0,800.0,26.01,24.02
2020-08-21,134.0,900.0,1100.0,1000.0,26.34,70.02
2020-08-22,135.0,600.0,1000.0,800.0,26.61,63.12
2020-08-23,136.0,800.0,1200.0,1000.0,25.11,9.84
2020-08-24,137.0,1000.0,1300.0,1100.0,25.71,0.55
2020-08-25,138.0,1000.0,1300.0,1200.0,25.98,0.18
2020-08-26,139.0,800.0,1200.0,1000.0,25.95,0.36
2020-08-27,140.0,800.0,1300.0,1200.0,25.12,43.29
2020-08-28,141.0,800.0,1500.0,1200.0,24.81,74.8
2020-08-29,142.0,800.0,1300.0,1000.0,24.85,102.15
2020-08-30,142.0,900.0,1400.0,1100.0,25.18,15.8
2020-08-31,143.0,1000.0,1500.0,1200.0,25.47,0.09
2020-09-01,143.0,1000.0,1500.0,1200.0,25.43,0.0
2020-09-02,143.0,1000.0,1500.0,1200.0,25.9,2.81
2020-09-03,143.0,1000.0,1500.0,1200.0,25.65,4.89
2020-09-04,143.0,1000.0,1500.0,1200.0,25.59,0.87
2020-09-05,143.0,1000.0,1500.0,1200.0,26.17,0.21
2020-09-06,143.0,1000.0,1500.0,1200.0,26.06,1.41
2020-09-07,143.0,1000.0,1500.0,1200.0,26.36,2.56
2020-09-08,144.0,1000.0,1500.0,1200.0,27.11,0.0
2020-09-09,145.0,950.0,1500.0,1200.0,26.72,4.07
2020-09-10,146.0,1000.0,1500.0,1200.0,26.23,14.71
2020-09-11,147.0,800.0,1500.0,1000.0,26.38,3.02
2020-09-12,148.0,800.0,1500.0,1200.0,26.91,0.43
2020-09-13,149.0,1000.0,1400.0,1200.0,27.15,0.31
2020-09-14,150.0,800.0,1500.0,1200.0,27.72,1.7
2020-09-15,151.0,1200.0,2000.0,1500.0,27.66,9.13
2020-09-16,152.0,1000.0,2000.0,1800.0,27.69,0.98
2020-09-17,153.0,1000.0,2000.0,1800.0,27.68,0.29
2020-09-18,154.0,1000.0,1500.0,1200.0,27.44,0.41
2020-09-19,154.0,1267.0,1767.0,1467.0,25.67,2.2
2020-09-20,154.0,1533.0,2033.0,1733.0,26.1,17.19
2020-09-21,155.0,1800.0,2300.0,2000.0,25.84,1.57
2020-09-22,156.0,1200.0,2000.0,1500.0,26.02,27.82
2020-09-23,157.0,1000.0,2000.0,1500.0,26.29,28.54
2020-09-24,157.0,1050.0,2025.0,1531.0,26.28,2.4
2020-09-25,157.0,1100.0,2050.0,1562.0,26.66,0.51
2020-09-26,157.0,1150.0,2075.0,1594.0,25.7,5.09
2020-09-27,157.0,1200.0,2100.0,1625.0,24.6,1.83
2020-09-28,157.0,1250.0,2125.0,1656.0,24.63,2.04
2020-09-29,157.0,1300.0,2150.0,1688.0,25.35,0.71
2020-09-30,157.0,1350.0,2175.0,1719.0,25.43,0.02
2020-10-01,157.0,1400.0,2200.0,1750.0,25.07,0.0
2020-10-02,157.0,1450.0,2225.0,1781.0,24.62,0.0
2020-10-03,157.0,1500.0,2250.0,1812.0,24.27,0.0
2020-10-04,157.0,1550.0,2275.0,1844.0,23.8,0.0
2020-10-05,157.0,1600.0,2300.0,1875.0,24.49,0.0
2020-10-06,157.0,1650.0,2325.0,1906.0,24.22,0.0
2020-10-07,157.0,1700.0,2350.0,1938.0,22.91,0.0
2020-10-08,157.0,1750.0,2375.0,1969.0,24.41,0.0
2020-10-09,158.0,1800.0,2400.0,2000.0,24.39,0.0
2020-10-10,159.0,2000.0,2500.0,2300.0,25.26,0.0
2020-10-11,160.0,1800.0,2500.0,2200.0,25.09,0.0
2020-10-12,161.0,2000.0,2500.0,2300.0,25.7,0.0
2020-10-13,162.0,2000.0,2500.0,2100.0,25.03,0.23
2020-10-14,163.0,2000.0,2500.0,2200.0,25.96,0.17
2020-10-15,164.0,2000.0,2500.0,2300.0,25.94,0.01
2020-10-16,165.0,2000.0,2500.0,2200.0,26.0,0.01
2020-10-17,166.0,1800.0,2300.0,2000.0,26.22,0.03
2020-10-18,167.0,1200.0,2000.0,1500.0,26.55,0.77
2020-10-19,168.0,2000.0,2500.0,2200.0,26.49,4.79
2020-10-20,169.0,1800.0,2500.0,2100.0,25.41,2.69
2020-10-21,169.0,1877.0,2615.0,2208.0,25.09,0.0
2020-10-22,169.0,1954.0,2731.0,2315.0,25.11,0.0
2020-10-23,169.0,2031.0,2846.0,2423.0,25.07,0.0
2020-10-24,169.0,2108.0,2962.0,2531.0,24.06,0.0
2020-10-25,169.0,2185.0,3077.0,2638.0,23.33,0.0
2020-10-26,169.0,2262.0,3192.0,2746.0,22.74,0.0
2020-10-27,169.0,2338.0,3308.0,2854.0,21.69,0.0
2020-10-28,169.0,2415.0,3423.0,2962.0,21.49,0.0
2020-10-29,169.0,2492.0,3538.0,3069.0,21.74,0.0
2020-10-30,169.0,2569.0,3654.0,3177.0,21.64,0.0
2020-10-31,169.0,2646.0,3769.0,3285.0,21.73,0.0
2020-11-01,169.0,2723.0,3885.0,3392.0,22.01,0.0
2020-11-02,170.0,2800.0,4000.0,3500.0,22.16,0.0
2020-11-03,171.0,3000.0,4000.0,3800.0,21.64,0.0
2020-11-04,172.0,2000.0,3800.0,3000.0,19.74,0.0
2020-11-05,172.0,2750.0,4400.0,3500.0,20.56,0.0
2020-11-06,173.0,3500.0,5000.0,4000.0,20.66,0.0
2020-11-07,174.0,1800.0,2800.0,2400.0,19.71,0.0
2020-11-08,175.0,2000.0,3000.0,2500.0,19.46,0.0
2020-11-09,176.0,2000.0,3000.0,2400.0,19.88,0.0
2020-11-10,177.0,2000.0,3000.0,2500.0,18.49,0.0
2020-11-11,178.0,2000.0,3000.0,2500.0,17.36,0.0
2020-11-12,178.0,2000.0,2900.0,2450.0,19.65,0.57
2020-11-13,179.0,2000.0,2800.0,2400.0,22.25,0.01
2020-11-14,179.0,1900.0,2800.0,2400.0,22.59,0.0
2020-11-15,180.0,1800.0,2800.0,2400.0,22.96,1.73
2020-11-16,181.0,2000.0,2800.0,2500.0,22.56,6.14
2020-11-17,182.0,2000.0,4000.0,2800.0,22.16,0.4
2020-11-18,183.0,2500.0,3500.0,3000.0,22.75,0.87
2020-11-19,184.0,2000.0,3000.0,2500.0,22.31,0.83
2020-11-20,185.0,2500.0,3500.0,3000.0,19.06,0.0
2020-11-21,186.0,2500.0,3000.0,2800.0,16.92,0.0
2020-11-22,187.0,2800.0,4500.0,3500.0,16.24,0.0
2020-11-23,188.0,3000.0,4200.0,3600.0,16.56,0.0
2020-11-24,189.0,3000.0,4200.0,3500.0,18.04,0.0
2020-11-25,190.0,2400.0,4000.0,2800.0,18.05,0.0
2020-11-26,191.0,1800.0,2500.0,2000.0,18.19,0.0
2020-11-27,192.0,1500.0,3000.0,2500.0,16.64,0.0
2020-11-28,193.0,1800.0,3000.0,2400.0,17.78,0.0
2020-11-29,194.0,2000.0,3000.0,2500.0,18.25,0.0
2020-11-30,195.0,2400.0,4500.0,2800.0,18.74,0.0
2020-12-01,195.0,2200.0,3650.0,2600.0,18.2,0.0
2020-12-02,196.0,2000.0,2800.0,2400.0,19.4,0.0
2020-12-03,197.0,2000.0,3000.0,2200.0,20.25,0.0
2020-12-04,197.0,2000.0,3000.0,2350.0,20.38,0.0
2020-12-05,198.0,2000.0,3000.0,2500.0,20.27,0.0
2020-12-06,199.0,1500.0,2500.0,2000.0,20.95,0.0
2020-12-07,200.0,1800.0,2500.0,2200.0,20.16,0.0
2020-12-08,201.0,1500.0,2500.0,2200.0,19.76,0.0
2020-12-09,202.0,1500.0,2500.0,2200.0,20.05,0.0
2020-12-10,203.0,1500.0,3000.0,2000.0,20.0,0.0
2020-12-11,204.0,1500.0,3000.0,2400.0,18.98,2.89
2020-12-12,205.0,1200.0,2000.0,1500.0,18.9,1.05
2020-12-13,206.0,1200.0,2000.0,1500.0,17.87,1.41
2020-12-14,207.0,1200.0,2000.0,1500.0,18.03,2.19
2020-12-15,208.0,1800.0,2500.0,2200.0,18.88,3.03
2020-12-16,209.0,1000.0,2000.0,1200.0,17.69,1.07
2020-12-17,210.0,1200.0,2000.0,1500.0,15.66,0.01
2020-12-18,211.0,1200.0,2000.0,1500.0,14.32,0.0
2020-12-19,212.0,1000.0,2000.0,1500.0,13.82,0.0
2020-12-20,213.0,1000.0,2000.0,1500.0,15.22,0.0
2020-12-21,214.0,1000.0,2000.0,1500.0,16.61,0.0
2020-12-22,215.0,1000.0,1500.0,1200.0,16.36,0.0
2020-12-23,216.0,1000.0,1500.0,1200.0,16.21,0.0
2020-12-24,217.0,1000.0,1500.0,1200.0,16.04,0.0
2020-12-25,218.0,1000.0,2000.0,1500.0,15.35,0.0
2020-12-26,219.0,1000.0,2000.0,1500.0,15.81,0.0
2020-12-27,220.0,1200.0,2000.0,1500.0,17.15,0.0
2020-12-28,221.0,1000.0,2000.0,1400.0,14.33,0.0
2020-12-29,222.0,1000.0,2000.0,1400.0,13.09,0.0
2020-12-30,223.0,1000.0,2000.0,1500.0,13.33,0.0
2020-12-31,224.0,1000.0,2000.0,1500.0,15.0,0.0
2021-01-01,225.0,1000.0,2200.0,1500.0,16.56,0.01
2021-01-02,226.0,1000.0,2200.0,1500.0,18.66,0.0
2021-01-03,227.0,1000.0,1500.0,1200.0,19.91,0.0
2021-01-04,228.0,1000.0,1500.0,1000.0,19.74,1.85
2021-01-05,229.0,1000.0,2000.0,1400.0,19.64,0.03
2021-01-06,230.0,1000.0,2000.0,1600.0,20.13,0.0
2021-01-07,231.0,1000.0,2000.0,1500.0,19.91,0.0
2021-01-08,232.0,1000.0,2000.0,1400.0,21.06,0.13
2021-01-09,233.0,1200.0,2000.0,1500.0,19.7,1.41
2021-01-10,234.0,1000.0,2000.0,1400.0,20.6,0.11
2021-01-11,235.0,1000.0,2000.0,1400.0,19.96,0.0
2021-01-12,236.0,1000.0,2000.0,1500.0,18.43,0.0
2021-01-13,237.0,1000.0,2000.0,1400.0,16.31,0.0
2021-01-14,238.0,1500.0,2000.0,1600.0,15.71,0.0
2021-01-15,239.0,1000.0,2000.0,1500.0,16.72,0.0
2021-01-16,240.0,1000.0,2000.0,1500.0,18.84,0.0
2021-01-17,241.0,1000.0,2000.0,1500.0,20.56,0.0
2021-01-18,242.0,1000.0,2000.0,1400.0,21.42,0.0
2021-01-19,243.0,1000.0,2000.0,1400.0,20.9,0.0
2021-01-20,244.0,1000.0,2000.0,1500.0,18.8,0.0
2021-01-21,245.0,1000.0,2000.0,1400.0,19.43,0.0
2021-01-22,246.0,1000.0,2000.0,1500.0,19.25,0.0
2021-01-23,247.0,1000.0,2000.0,1500.0,20.23,0.0
2021-01-24,248.0,1000.0,2000.0,1400.0,18.61,0.0
2021-01-25,249.0,1200.0,2000.0,1500.0,16.17,0.0
2021-01-26,250.0,1000.0,2000.0,1400.0,16.05,0.0
2021-01-27,251.0,1000.0,2000.0,1400.0,16.14,0.0
2021-01-28,252.0,1000.0,2000.0,1400.0,16.85,0.0
2021-01-29,253.0,1000.0,2000.0,1500.0,15.82,0.0
2021-01-30,254.0,1000.0,2000.0,1500.0,15.95,0.0
2021-01-31,255.0,1000.0,2000.0,1400.0,16.62,0.0
2021-02-01,255.0,1000.0,2167.0,1467.0,17.94,0.0
2021-02-02,255.0,1000.0,2333.0,1533.0,19.59,0.0
2021-02-03,256.0,1000.0,2500.0,1600.0,20.0,0.0
2021-02-04,257.0,1200.0,3500.0,2000.0,20.13,0.0
2021-02-05,258.0,1000.0,3500.0,1800.0,20.02,0.01
2021-02-06,259.0,1000.0,3500.0,1800.0,17.84,0.0
2021-02-07,260.0,1200.0,3500.0,1800.0,17.23,0.0
2021-02-08,261.0,1000.0,3500.0,1700.0,18.83,0.0
2021-02-09,262.0,1000.0,2500.0,1800.0,22.22,0.0
2021-02-10,262.0,1000.0,2750.0,1800.0,21.79,0.0
2021-02-11,263.0,1000.0,3000.0,1800.0,21.89,0.0
2021-02-12,264.0,1000.0,3500.0,1700.0,21.37,0.0
2021-02-13,265.0,1000.0,3500.0,1900.0,22.09,0.0
2021-02-14,266.0,1000.0,3500.0,1800.0,23.22,0.0
2021-02-15,267.0,1000.0,3500.0,1800.0,24.29,0.01
2021-02-16,268.0,1000.0,3500.0,1700.0,23.48,0.91
2021-02-17,269.0,1000.0,3500.0,1800.0,22.8,0.25
2021-02-18,270.0,1200.0,3500.0,2000.0,22.2,0.06
2021-02-19,271.0,1200.0,3500.0,1900.0,21.36,0.01
2021-02-20,272.0,1000.0,3500.0,1900.0,20.42,0.01
2021-02-21,273.0,1200.0,3500.0,1800.0,21.52,0.0
2021-02-22,274.0,1200.0,3500.0,1800.0,23.6,0.0
2021-02-23,275.0,1200.0,3500.0,1800.0,24.94,0.0
2021-02-24,276.0,1200.0,3500.0,1900.0,25.21,0.0
2021-02-25,277.0,1200.0,3500.0,1800.0,24.4,0.0
2021-02-26,278.0,1000.0,2600.0,1800.0,25.33,0.0
2021-02-27,279.0,1000.0,2800.0,1900.0,26.05,0.0
2021-02-28,280.0,1200.0,2600.0,1800.0,26.47,0.0
2021-03-01,281.0,1000.0,2500.0,1500.0,26.07,0.0
2021-03-02,282.0,1000.0,2500.0,1500.0,23.97,0.0
2021-03-03,283.0,1000.0,2500.0,1600.0,24.67,0.0
2021-03-04,284.0,1000.0,2000.0,1400.0,25.08,0.0
2021-03-05,285.0,1000.0,2000.0,1400.0,24.83,0.0
2021-03-06,286.0,1000.0,2000.0,1400.0,26.98,0.0
2021-03-07,287.0,1000.0,2000.0,1500.0,26.43,0.0
2021-03-08,288.0,1000.0,2000.0,1400.0,26.63,0.0
2021-03-09,288.0,1000.0,2100.0,1400.0,27.18,0.0
2021-03-10,289.0,1000.0,2200.0,1400.0,27.79,0.0
2021-03-11,290.0,500.0,1500.0,900.0,28.56,0.02
2021-03-12,291.0,600.0,1500.0,800.0,26.79,14.44
2021-03-13,292.0,1000.0,2000.0,1500.0,24.44,2.17
2021-03-14,293.0,1000.0,2000.0,1500.0,25.08,0.0
2021-03-15,294.0,1000.0,2000.0,1500.0,26.18,0.0
2021-03-16,295.0,1000.0,2000.0,1500.0,26.91,0.36
2021-03-17,296.0,800.0,1500.0,1200.0,27.32,0.0
2021-03-18,297.0,800.0,1500.0,1100.0,28.45,5.65
2021-03-19,298.0,800.0,1500.0,1200.0,26.33,1.0
2021-03-20,299.0,800.0,1000.0,900.0,25.71,4.71
2021-03-21,300.0,1000.0,1500.0,1200.0,26.4,0.24
2021-03-22,301.0,1000.0,1600.0,1200.0,26.45,0.0
2021-03-23,302.0,1000.0,1500.0,1200.0,26.14,0.34
2021-03-24,303.0,1000.0,1200.0,1100.0,27.44,1.42
2021-03-25,304.0,1000.0,1200.0,1100.0,25.53,0.08
2021-03-26,305.0,1000.0,1500.0,1100.0,26.41,0.0
2021-03-27,306.0,1000.0,1500.0,1200.0,29.08,0.0
2021-03-28,306.0,1000.0,1750.0,1250.0,29.95,0.0
2021-03-29,307.0,1000.0,2000.0,1300.0,30.19,0.0
2021-03-30,308.0,1000.0,1800.0,1300.0,30.44,0.0
2021-03-31,309.0,800.0,1400.0,1000.0,29.55,0.0
2021-04-01,309.0,867.0,1433.0,1067.0,28.56,0.0
2021-04-02,309.0,933.0,1467.0,1133.0,29.65,0.0
2021-04-03,310.0,1000.0,1500.0,1200.0,29.19,0.0
2021-04-04,311.0,1000.0,1500.0,1100.0,29.08,0.0
2021-04-05,312.0,1000.0,1500.0,1200.0,30.6,0.0
2021-04-06,313.0,1000.0,1500.0,1100.0,31.26,0.0
2021-04-07,314.0,1000.0,1500.0,1200.0,31.32,0.0
2021-04-08,315.0,1000.0,1500.0,1100.0,30.56,0.0
2021-04-09,316.0,1000.0,1500.0,1200.0,30.88,0.0
2021-04-10,316.0,1000.0,1500.0,1150.0,31.51,0.0
2021-04-11,317.0,1000.0,1500.0,1100.0,31.68,0.55
2021-04-12,317.0,1007.0,1508.0,1108.0,31.12,0.18
2021-04-13,317.0,1014.0,1516.0,1116.0,31.69,0.0
2021-04-14,317.0,1021.0,1524.0,1124.0,31.25,0.0
2021-04-15,317.0,1028.0,1533.0,1133.0,31.34,0.0
2021-04-16,317.0,1035.0,1541.0,1141.0,31.78,0.0
2021-04-17,317.0,1042.0,1549.0,1149.0,31.61,0.0
2021-04-18,317.0,1049.0,1557.0,1157.0,31.63,0.0
2021-04-19,317.0,1056.0,1565.0,1165.0,32.9,0.0
2021-04-20,317.0,1063.0,1573.0,1173.0,32.03,0.0
2021-04-21,317.0,1070.0,1581.0,1181.0,30.86,0.0
2021-04-22,317.0,1077.0,1590.0,1190.0,30.47,0.0
2021-04-23,317.0,1084.0,1598.0,1198.0,30.82,0.0
2021-04-24,317.0,1091.0,1606.0,1206.0,31.96,0.0
2021-04-25,317.0,1098.0,1614.0,1214.0,31.29,0.0
2021-04-26,317.0,1105.0,1622.0,1222.0,31.37,0.0
2021-04-27,317.0,1112.0,1630.0,1230.0,32.66,0.0
2021-04-28,317.0,1119.0,1638.0,1238.0,33.91,0.0
2021-04-29,317.0,1126.0,1647.0,1247.0,34.04,0.0
2021-04-30,317.0,1133.0,1655.0,1255.0,34.04,0.0
2021-05-01,317.0,1140.0,1663.0,1263.0,33.49,0.02
2021-05-02,317.0,1147.0,1671.0,1271.0,31.19,2.61
2021-05-03,317.0,1153.0,1679.0,1279.0,32.78,0.28
2021-05-04,317.0,1160.0,1687.0,1287.0,32.79,0.0
2021-05-05,317.0,1167.0,1695.0,1295.0,33.28,0.0
2021-05-06,317.0,1174.0,1703.0,1303.0,34.08,0.0
2021-05-07,317.0,1181.0,1712.0,1312.0,34.46,0.0
2021-05-08,317.0,1188.0,1720.0,1320.0,34.37,0.65
2021-05-09,317.0,1195.0,1728.0,1328.0,34.52,2.81
2021-05-10,317.0,1202.0,1736.0,1336.0,34.37,0.73
2021-05-11,317.0,1209.0,1744.0,1344.0,34.76,1.16
2021-05-12,317.0,1216.0,1752.0,1352.0,33.55,0.03
2021-05-13,317.0,1223.0,1760.0,1360.0,32.68,0.01
2021-05-14,317.0,1230.0,1769.0,1369.0,33.39,0.0
2021-05-15,317.0,1237.0,1777.0,1377.0,33.76,1.68
2021-05-16,317.0,1244.0,1785.0,1385.0,34.21,0.48
2021-05-17,317.0,1251.0,1793.0,1393.0,31.88,6.17
2021-05-18,317.0,1258.0,1801.0,1401.0,31.21,11.48
2021-05-19,317.0,1265.0,1809.0,1409.0,30.04,5.01
2021-05-20,317.0,1272.0,1817.0,1417.0,28.8,0.25
2021-05-21,317.0,1279.0,1826.0,1426.0,31.31,0.0
2021-05-22,317.0,1286.0,1834.0,1434.0,31.92,0.01
2021-05-23,317.0,1293.0,1842.0,1442.0,31.42,0.71
2021-05-24,317.0,1300.0,1850.0,1450.0,31.38,0.03
2021-05-25,317.0,1307.0,1858.0,1458.0,32.63,0.0
2021-05-26,317.0,1314.0,1866.0,1466.0,33.1,0.0
2021-05-27,317.0,1321.0,1874.0,1474.0,34.15,0.0
2021-05-28,317.0,1328.0,1883.0,1483.0,35.03,0.02
2021-05-29,317.0,1335.0,1891.0,1491.0,34.88,0.36
2021-05-30,317.0,1342.0,1899.0,1499.0,33.66,16.13
2021-05-31,317.0,1349.0,1907.0,1507.0,32.41,2.62
2021-06-01,317.0,1356.0,1915.0,1515.0,31.65,5.02
2021-06-02,317.0,1363.0,1923.0,1523.0,31.83,3.66
2021-06-03,317.0,1370.0,1931.0,1531.0,30.9,3.98
2021-06-04,317.0,1377.0,1940.0,1540.0,30.81,0.2
2021-06-05,317.0,1384.0,1948.0,1548.0,29.37,0.58
2021-06-06,317.0,1391.0,1956.0,1556.0,29.64,0.33
2021-06-07,317.0,1398.0,1964.0,1564.0,31.34,2.29
2021-06-08,317.0,1405.0,1972.0,1572.0,30.81,23.6
2021-06-09,317.0,1412.0,1980.0,1580.0,31.16,5.31
2021-06-10,317.0,1419.0,1988.0,1588.0,32.42,14.9
2021-06-11,317.0,1426.0,1997.0,1597.0,30.32,45.56
2021-06-12,317.0,1433.0,2005.0,1605.0,29.1,15.1
2021-06-13,317.0,1440.0,2013.0,1613.0,29.21,5.96
2021-06-14,317.0,1447.0,2021.0,1621.0,29.08,3.16
2021-06-15,317.0,1453.0,2029.0,1629.0,29.73,9.76
2021-06-16,317.0,1460.0,2037.0,1637.0,28.59,13.05
2021-06-17,317.0,1467.0,2045.0,1645.0,28.25,11.23
2021-06-18,317.0,1474.0,2053.0,1653.0,27.82,4.0
2021-06-19,317.0,1481.0,2062.0,1662.0,25.77,7.43
2021-06-20,317.0,1488.0,2070.0,1670.0,27.39,0.03
2021-06-21,317.0,1495.0,2078.0,1678.0,28.07,0.03
2021-06-22,317.0,1502.0,2086.0,1686.0,29.14,1.14
2021-06-23,317.0,1509.0,2094.0,1694.0,29.19,9.35
2021-06-24,317.0,1516.0,2102.0,1702.0,27.29,16.17
2021-06-25,317.0,1523.0,2110.0,1710.0,27.45,10.76
2021-06-26,317.0,1530.0,2119.0,1719.0,28.87,2.57
2021-06-27,317.0,1537.0,2127.0,1727.0,29.7,2.88
2021-06-28,317.0,1544.0,2135.0,1735.0,29.1,1.25
2021-06-29,317.0,1551.0,2143.0,1743.0,29.94,0.01
2021-06-30,317.0,1558.0,2151.0,1751.0,29.5,0.02
2021-07-01,317.0,1565.0,2159.0,1759.0,28.97,0.0
2021-07-02,317.0,1572.0,2167.0,1767.0,29.32,0.0
2021-07-03,317.0,1579.0,2176.0,1776.0,29.31,0.18
2021-07-04,317.0,1586.0,2184.0,1784.0,29.21,0.0
2021-07-05,317.0,1593.0,2192.0,1792.0,28.26,0.0
2021-07-06,318.0,1600.0,2200.0,1800.0,29.96,0.11
2021-07-07,319.0,1200.0,1500.0,1300.0,30.47,0.48
2021-07-08,320.0,1000.0,1500.0,1200.0,28.45,5.41
2021-07-09,321.0,1200.0,1500.0,1300.0,29.43,3.29
2021-07-10,322.0,1000.0,1500.0,1200.0,29.84,4.31
2021-07-11,323.0,1000.0,1500.0,1200.0,28.56,5.01
2021-07-12,324.0,1000.0,2000.0,1400.0,29.77,0.25
2021-07-13,325.0,1000.0,2000.0,1300.0,29.65,0.01
2021-07-14,326.0,1000.0,2000.0,1400.0,29.77,5.79
2021-07-15,327.0,1000.0,2000.0,1400.0,29.91,1.32
2021-07-16,328.0,1000.0,2200.0,1500.0,30.05,0.19
2021-07-17,329.0,1000.0,2200.0,1600.0,28.84,0.03
2021-07-18,330.0,1000.0,2500.0,1500.0,27.87,11.54
2021-07-19,331.0,1600.0,2000.0,1800.0,29.07,8.08
2021-07-20,332.0,1500.0,2200.0,1700.0,26.99,5.84
2021-07-21,333.0,1500.0,2000.0,1800.0,27.64,6.04
2021-07-22,334.0,1000.0,2000.0,1500.0,27.21,8.3
2021-07-23,335.0,1000.0,2500.0,1700.0,26.87,23.63
2021-07-24,336.0,1000.0,2500.0,1700.0,26.5,5.0
2021-07-25,337.0,1000.0,2500.0,1800.0,26.22,47.79
2021-07-26,338.0,1000.0,2000.0,1600.0,25.57,21.71
2021-07-27,339.0,1000.0,2000.0,1600.0,25.06,17.59
2021-07-28,340.0,1000.0,2500.0,1800.0,25.06,11.2
2021-07-29,341.0,1000.0,2500.0,1800.0,25.11,6.56
2021-07-30,342.0,1000.0,2500.0,1800.0,25.89,4.09
2021-07-31,343.0,1500.0,2500.0,2200.0,25.83,14.85
2021-08-01,343.0,1250.0,2500.0,2100.0,24.7,22.28
2021-08-02,344.0,1000.0,2500.0,2000.0,24.62,33.01
2021-08-03,345.0,1000.0,2500.0,2000.0,24.81,17.32
2021-08-04,346.0,1000.0,2000.0,1900.0,24.98,14.68
2021-08-05,347.0,1000.0,2500.0,2000.0,25.29,19.09
2021-08-06,348.0,1500.0,2500.0,2000.0,24.4,29.33
2021-08-07,349.0,1000.0,2500.0,2000.0,26.1,9.52
2021-08-08,350.0,1000.0,2500.0,2000.0,26.6,1.53
2021-08-09,351.0,1000.0,2500.0,2000.0,25.72,8.22
2021-08-10,352.0,1000.0,2500.0,1800.0,25.2,7.26
2021-08-11,353.0,1000.0,2500.0,2000.0,26.06,0.59
2021-08-12,354.0,1000.0,2500.0,1800.0,25.85,0.0
2021-08-13,355.0,800.0,2000.0,1000.0,26.0,0.0
2021-08-14,356.0,500.0,2000.0,1500.0,26.35,0.01
2021-08-15,357.0,600.0,2000.0,1200.0,26.47,0.03
2021-08-16,358.0,600.0,2000.0,1500.0,27.33,0.25
2021-08-17,359.0,600.0,2000.0,1600.0,27.43,10.05
2021-08-18,360.0,600.0,2000.0,1400.0,26.57,12.85
2021-08-19,361.0,800.0,1600.0,1200.0,26.26,15.33
2021-08-20,362.0,800.0,1800.0,1300.0,25.69,21.55
2021-08-21,363.0,600.0,1800.0,1000.0,25.81,5.53
2021-08-22,364.0,600.0,1800.0,1000.0,26.54,0.96
2021-08-23,365.0,600.0,1500.0,1000.0,26.46,0.35
2021-08-24,366.0,1000.0,2000.0,1200.0,26.14,0.23
2021-08-25,367.0,700.0,2000.0,1200.0,26.3,0.21
2021-08-26,368.0,800.0,2000.0,1400.0,26.09,0.01
2021-08-27,369.0,800.0,2000.0,1200.0,25.74,0.34
2021-08-28,370.0,1000.0,2000.0,1300.0,26.78,0.36
2021-08-29,371.0,1000.0,2000.0,1300.0,26.76,8.14
2021-08-30,372.0,1000.0,2000.0,1500.0,26.06,7.38
2021-08-31,373.0,1000.0,2000.0,1500.0,26.24,13.27
2021-09-01,373.0,800.0,2000.0,1350.0,26.49,2.1
2021-09-02,374.0,600.0,2000.0,1200.0,26.71,1.67
2021-09-03,375.0,800.0,1200.0,1000.0,26.09,5.45
2021-09-04,376.0,600.0,1500.0,1200.0,25.34,12.75
2021-09-05,377.0,600.0,1500.0,1200.0,26.4,22.57
2021-09-06,378.0,800.0,1800.0,1200.0,26.89,2.16
2021-09-07,379.0,1000.0,1500.0,1200.0,26.45,0.9
2021-09-08,380.0,800.0,1200.0,900.0,26.38,28.55
2021-09-09,381.0,900.0,1500.0,1000.0,26.15,26.55
2021-09-10,382.0,300.0,1600.0,800.0,24.84,16.02
2021-09-11,383.0,500.0,1500.0,900.0,25.98,16.67
2021-09-12,384.0,400.0,1200.0,800.0,26.0,2.05
2021-09-13,385.0,300.0,1100.0,800.0,26.58,16.73
2021-09-14,386.0,500.0,1100.0,800.0,26.18,15.47
2021-09-15,387.0,300.0,1200.0,800.0,26.18,14.63
2021-09-16,388.0,500.0,1200.0,800.0,26.37,13.87
2021-09-17,389.0,400.0,1100.0,800.0,25.99,16.05
2021-09-18,390.0,500.0,1300.0,800.0,25.7,5.49
2021-09-19,391.0,400.0,1200.0,800.0,25.13,0.33
2021-09-20,392.0,300.0,1500.0,1000.0,26.11,0.98
2021-09-21,393.0,400.0,1500.0,800.0,25.95,0.26
2021-09-22,394.0,400.0,1400.0,1000.0,26.72,0.72
2021-09-23,395.0,500.0,1500.0,900.0,26.61,2.25
2021-09-24,396.0,400.0,1500.0,900.0,26.5,3.72
2021-09-25,397.0,500.0,1600.0,1000.0,25.39,6.66
2021-09-26,398.0,600.0,1400.0,900.0,25.92,6.88
2021-09-27,399.0,400.0,1500.0,900.0,25.43,3.31
2021-09-28,400.0,500.0,1600.0,900.0,25.39,1.17
2021-09-29,401.0,500.0,1800.0,1100.0,24.97,0.43
2021-09-30,402.0,600.0,1000.0,800.0,25.91,8.09
2021-10-01,402.0,525.0,1175.0,825.0,26.94,1.19
2021-10-02,402.0,450.0,1350.0,850.0,26.58,0.4
2021-10-03,402.0,375.0,1525.0,875.0,26.15,0.8
2021-10-04,403.0,300.0,1700.0,900.0,26.57,1.1
2021-10-05,404.0,400.0,1700.0,900.0,26.58,4.71
2021-10-06,405.0,800.0,2200.0,1500.0,26.99,0.03
2021-10-07,406.0,600.0,2400.0,1500.0,26.81,0.0
2021-10-08,407.0,700.0,2600.0,1600.0,27.0,0.0
2021-10-09,408.0,700.0,3000.0,1200.0,26.44,0.0
2021-10-10,409.0,600.0,2800.0,1500.0,26.31,0.0
2021-10-11,410.0,500.0,3000.0,1600.0,25.63,0.0
2021-10-12,411.0,600.0,3000.0,1600.0,25.55,0.0
2021-10-13,412.0,700.0,3000.0,1600.0,25.2,0.0
2021-10-14,412.0,650.0,3000.0,1550.0,24.85,0.0
2021-10-15,413.0,600.0,3000.0,1500.0,23.67,0.0
2021-10-16,414.0,600.0,3000.0,1500.0,23.81,2.5
2021-10-17,415.0,600.0,2800.0,1600.0,25.07,27.94
2021-10-18,416.0,600.0,2800.0,1600.0,25.13,13.65
2021-10-19,417.0,600.0,2800.0,1600.0,23.14,0.88
2021-10-20,418.0,600.0,2700.0,1500.0,23.3,0.01
2021-10-21,419.0,600.0,2700.0,1400.0,21.63,0.0
2021-10-22,420.0,600.0,2600.0,1400.0,21.92,0.0
2021-10-23,421.0,600.0,2800.0,1500.0,21.14,0.0
2021-10-24,422.0,600.0,2100.0,1500.0,21.77,0.0
2021-10-25,423.0,600.0,2600.0,1500.0,22.24,0.0
2021-10-26,424.0,700.0,2600.0,1400.0,22.51,0.0
2021-10-27,425.0,700.0,2600.0,1700.0,21.55,0.0
2021-10-28,426.0,500.0,2600.0,1300.0,19.97,0.0
2021-10-29,427.0,500.0,2600.0,1500.0,19.82,0.0
2021-10-30,428.0,500.0,2600.0,1200.0,19.97,0.0
2021-10-31,429.0,600.0,2500.0,1400.0,19.94,0.0
2021-11-01,430.0,600.0,2400.0,1200.0,18.99,0.0
2021-11-02,431.0,600.0,2500.0,1400.0,18.44,0.0
2021-11-03,432.0,700.0,2600.0,1700.0,18.07,0.0
2021-11-04,432.0,650.0,2500.0,1550.0,18.23,0.0
2021-11-05,433.0,600.0,2400.0,1400.0,18.3,0.0
2021-11-06,433.0,600.0,2300.0,1400.0,19.02,0.0
2021-11-07,434.0,600.0,2200.0,1400.0,19.86,0.0
2021-11-08,435.0,600.0,2200.0,1200.0,20.23,0.0
2021-11-09,436.0,600.0,2200.0,1400.0,19.86,0.0
2021-11-10,437.0,600.0,2000.0,1200.0,19.28,0.0
2021-11-11,438.0,600.0,2000.0,1100.0,17.44,0.0
2021-11-12,439.0,300.0,1600.0,1000.0,17.31,0.0
2021-11-13,440.0,300.0,1500.0,1000.0,16.9,0.0
2021-11-14,441.0,200.0,1400.0,700.0,16.63,0.0
2021-11-15,442.0,300.0,1500.0,800.0,16.39,0.0
2021-11-16,443.0,300.0,1600.0,900.0,15.93,0.0
2021-11-17,444.0,300.0,1400.0,800.0,17.07,0.0
2021-11-18,445.0,300.0,1500.0,900.0,18.96,0.04
2021-11-19,446.0,300.0,1500.0,900.0,19.85,0.02
2021-11-20,447.0,400.0,1500.0,900.0,20.19,0.08
2021-11-21,448.0,300.0,1400.0,800.0,21.95,0.41
2021-11-22,449.0,300.0,1400.0,800.0,22.5,0.26
2021-11-23,450.0,300.0,1300.0,700.0,22.47,0.02
2021-11-24,451.0,300.0,1400.0,800.0,21.68,0.0
2021-11-25,452.0,300.0,1400.0,700.0,20.16,0.0
2021-11-26,453.0,300.0,1200.0,600.0,19.21,0.0
2021-11-27,454.0,300.0,1300.0,700.0,18.78,0.0
2021-11-28,455.0,300.0,1200.0,600.0,17.55,0.0
2021-11-29,456.0,400.0,1200.0,600.0,17.22,0.0
2021-11-30,457.0,400.0,1400.0,700.0,17.0,0.0
2021-12-01,458.0,300.0,1400.0,700.0,17.46,0.0
2021-12-02,459.0,300.0,1400.0,700.0,15.66,0.09
2021-12-03,460.0,400.0,1400.0,800.0,16.97,0.06
2021-12-04,461.0,500.0,1500.0,800.0,18.06,0.02
2021-12-05,462.0,400.0,1400.0,700.0,19.04,0.0
2021-12-06,463.0,400.0,1400.0,700.0,19.27,0.0
2021-12-07,464.0,400.0,1400.0,600.0,17.9,0.0
2021-12-08,465.0,400.0,1400.0,700.0,17.53,0.0
2021-12-09,466.0,400.0,1400.0,600.0,17.59,0.0
2021-12-10,467.0,400.0,1400.0,700.0,16.82,0.0
2021-12-11,467.0,400.0,1425.0,725.0,16.58,0.0
2021-12-12,467.0,400.0,1450.0,750.0,15.94,0.0
2021-12-13,467.0,400.0,1475.0,775.0,16.41,0.0
2021-12-14,468.0,400.0,1500.0,800.0,18.39,0.0
2021-12-15,469.0,400.0,1500.0,700.0,18.69,0.0
2021-12-16,470.0,500.0,1500.0,800.0,18.59,0.0
2021-12-17,471.0,600.0,1500.0,800.0,16.92,0.0
2021-12-18,472.0,500.0,1500.0,800.0,13.26,0.0
2021-12-19,473.0,600.0,1500.0,900.0,12.3,0.0
2021-12-20,474.0,400.0,1500.0,700.0,14.06,0.0
2021-12-21,475.0,300.0,1500.0,600.0,15.59,0.0
2021-12-22,476.0,300.0,1500.0,600.0,18.03,0.0
2021-12-23,477.0,400.0,1500.0,700.0,17.96,0.0
2021-12-24,478.0,300.0,1500.0,600.0,18.5,0.0
2021-12-25,479.0,300.0,1500.0,800.0,18.78,0.0
2021-12-26,480.0,400.0,1500.0,700.0,18.46,0.0
2021-12-27,481.0,400.0,1500.0,800.0,18.84,0.8
2021-12-28,482.0,400.0,1500.0,700.0,15.47,6.96
2021-12-29,483.0,500.0,1600.0,800.0,15.12,1.01
2021-12-30,484.0,500.0,1600.0,800.0,12.73,0.05
2021-12-31,485.0,500.0,1500.0,800.0,12.57,0.0
2022-01-01,486.0,500.0,1500.0,800.0,15.03,0.0
2022-01-02,487.0,500.0,1600.0,800.0,16.04,0.0
2022-01-03,488.0,400.0,1500.0,700.0,15.58,0.0
2022-01-04,489.0,400.0,1500.0,700.0,16.92,0.0
2022-01-05,490.0,400.0,1200.0,600.0,18.86,0.41
2022-01-06,491.0,300.0,1400.0,600.0,18.49,4.57
2022-01-07,492.0,400.0,1400.0,600.0,18.78,27.29
2022-01-08,493.0,300.0,1200.0,600.0,18.74,3.25
2022-01-09,494.0,300.0,1000.0,500.0,14.96,9.37
2022-01-10,495.0,300.0,1200.0,600.0,13.16,0.0
2022-01-11,496.0,300.0,1200.0,600.0,13.19,0.0
2022-01-12,497.0,300.0,1500.0,700.0,11.76,0.0
2022-01-13,498.0,300.0,1200.0,600.0,12.51,0.0
2022-01-14,499.0,300.0,1300.0,600.0,13.34,0.0
2022-01-15,499.0,300.0,1250.0,600.0,12.79,0.0
2022-01-16,500.0,300.0,1200.0,600.0,13.22,0.0
2022-01-17,501.0,300.0,1200.0,600.0,14.53,0.0
2022-01-18,502.0,300.0,1200.0,700.0,15.03,0.0
2022-01-19,503.0,400.0,1500.0,1000.0,15.79,0.0
2022-01-20,504.0,400.0,1200.0,700.0,17.54,0.0
2022-01-21,505.0,500.0,1400.0,800.0,17.55,0.0
2022-01-22,506.0,400.0,1200.0,700.0,17.76,0.93
2022-01-23,507.0,300.0,1200.0,600.0,13.55,0.0
2022-01-24,508.0,400.0,1200.0,700.0,11.59,0.0
2022-01-25,509.0,300.0,1200.0,600.0,11.86,0.0
2022-01-26,510.0,300.0,1200.0,600.0,12.07,0.0
2022-01-27,511.0,400.0,1400.0,700.0,11.58,0.0
2022-01-28,512.0,400.0,1300.0,700.0,13.44,0.0
2022-01-29,513.0,600.0,1500.0,900.0,15.5,0.0
2022-01-30,514.0,500.0,1500.0,800.0,17.78,0.0
2022-01-31,515.0,400.0,1500.0,700.0,17.94,0.0
2022-02-01,516.0,500.0,1500.0,800.0,19.12,0.0
2022-02-02,517.0,400.0,1500.0,700.0,19.85,0.0
2022-02-03,518.0,400.0,1500.0,800.0,17.45,0.0
2022-02-04,519.0,400.0,1500.0,1000.0,15.04,0.0
2022-02-05,520.0,400.0,1500.0,700.0,15.73,0.0
2022-02-06,521.0,300.0,1500.0,1000.0,15.45,0.0
2022-02-07,522.0,400.0,1500.0,800.0,17.26,0.0
2022-02-08,523.0,500.0,1500.0,800.0,18.53,0.0
2022-02-09,524.0,300.0,1400.0,600.0,18.73,0.08
2022-02-10,525.0,300.0,1300.0,600.0,16.21,0.0
2022-02-11,526.0,400.0,1400.0,700.0,15.88,0.0
2022-02-12,527.0,500.0,1500.0,800.0,17.04,0.0
2022-02-13,528.0,400.0,1400.0,700.0,16.75,0.0
2022-02-14,529.0,300.0,1300.0,600.0,17.41,0.0
2022-02-15,530.0,400.0,1500.0,700.0,18.06,0.0
2022-02-16,531.0,300.0,1500.0,600.0,18.33,0.0
2022-02-17,532.0,400.0,1400.0,700.0,18.68,0.0
2022-02-18,533.0,300.0,1500.0,600.0,19.59,0.0
2022-02-19,534.0,400.0,1500.0,700.0,21.2,0.14
2022-02-20,535.0,300.0,1400.0,600.0,20.23,0.0
2022-02-21,536.0,300.0,1300.0,600.0,20.45,0.0
2022-02-22,537.0,300.0,1300.0,600.0,22.12,0.0
2022-02-23,538.0,300.0,1200.0,600.0,22.63,0.0
2022-02-24,539.0,300.0,1300.0,600.0,22.59,0.0
2022-02-25,540.0,400.0,1400.0,700.0,22.07,0.0
2022-02-26,541.0,400.0,1400.0,700.0,22.79,0.03
2022-02-27,542.0,300.0,1200.0,600.0,23.49,0.0
2022-02-28,543.0,300.0,1500.0,600.0,21.21,0.0
2022-03-01,544.0,400.0,1500.0,700.0,22.21,0.0
2022-03-02,545.0,400.0,1500.0,700.0,22.71,0.0
2022-03-03,546.0,400.0,1500.0,700.0,24.26,0.01
2022-03-04,547.0,400.0,1500.0,800.0,24.3,0.13
2022-03-05,548.0,500.0,1500.0,800.0,22.65,0.0
2022-03-06,549.0,400.0,1500.0,800.0,23.71,0.0
2022-03-07,550.0,300.0,1400.0,700.0,24.92,0.0
2022-03-08,551.0,400.0,1400.0,700.0,25.18,0.02
2022-03-09,552.0,400.0,1500.0,800.0,26.03,0.32
2022-03-10,553.0,400.0,1500.0,700.0,26.08,0.02
2022-03-11,554.0,400.0,1500.0,800.0,25.33,0.0
2022-03-12,555.0,500.0,1600.0,900.0,26.22,0.0
2022-03-13,556.0,400.0,1500.0,800.0,27.0,0.0
2022-03-14,557.0,400.0,1500.0,800.0,28.81,0.0
2022-03-15,558.0,400.0,1600.0,800.0,29.39,0.0
2022-03-16,559.0,400.0,1500.0,800.0,29.45,0.0
2022-03-17,560.0,400.0,1000.0,800.0,29.78,0.0
2022-03-18,561.0,400.0,1500.0,800.0,29.59,0.0
2022-03-19,562.0,500.0,1500.0,900.0,29.77,0.0
2022-03-20,563.0,400.0,1500.0,800.0,30.24,0.0
2022-03-21,564.0,400.0,1600.0,800.0,29.73,0.0
2022-03-22,565.0,500.0,1500.0,800.0,28.92,0.0
2022-03-23,566.0,400.0,1400.0,800.0,30.29,0.0
2022-03-24,567.0,400.0,1400.0,800.0,30.72,0.0
2022-03-25,567.0,700.0,1600.0,1000.0,30.71,0.0
2022-03-26,568.0,1000.0,1800.0,1200.0,30.1,0.0
2022-03-27,569.0,1000.0,2000.0,1400.0,31.44,0.0
2022-03-28,570.0,1000.0,2200.0,1500.0,30.65,0.0
2022-03-29,571.0,600.0,1800.0,1000.0,30.81,0.0
2022-03-30,572.0,300.0,1500.0,800.0,31.17,0.0
2022-03-31,573.0,300.0,1500.0,800.0,31.71,0.0
2022-04-01,574.0,300.0,1400.0,800.0,31.65,0.0
2022-04-02,575.0,400.0,1400.0,800.0,31.98,0.0
2022-04-03,576.0,300.0,1400.0,700.0,32.42,0.0
2022-04-04,577.0,300.0,1400.0,800.0,31.91,0.0
2022-04-05,578.0,300.0,1300.0,700.0,31.67,0.0
2022-04-06,579.0,300.0,1300.0,700.0,32.78,0.0
2022-04-07,580.0,300.0,1300.0,600.0,33.98,0.0
2022-04-08,581.0,300.0,1200.0,700.0,33.8,0.0
2022-04-09,581.0,300.0,1200.0,700.0,33.73,0.0
2022-04-10,582.0,300.0,1200.0,700.0,33.5,0.0
2022-04-11,583.0,300.0,1200.0,600.0,34.25,0.0
2022-04-12,584.0,500.0,1500.0,1000.0,34.89,0.0
2022-04-13,585.0,300.0,1200.0,700.0,33.55,0.0
2022-04-14,586.0,300.0,1300.0,800.0,32.67,0.03
2022-04-15,587.0,400.0,1300.0,800.0,32.46,0.0
2022-04-16,588.0,400.0,1400.0,1000.0,32.6,0.0
2022-04-17,589.0,300.0,1200.0,700.0,33.18,0.0
2022-04-18,590.0,400.0,1300.0,800.0,33.74,0.0
2022-04-19,591.0,300.0,1200.0,700.0,33.82,0.0
2022-04-20,591.0,300.0,1200.0,650.0,34.44,0.0
2022-04-21,592.0,300.0,1200.0,600.0,33.3,0.0
2022-04-22,593.0,300.0,1200.0,600.0,33.67,0.0
2022-04-23,594.0,400.0,1300.0,800.0,32.97,0.0
2022-04-24,595.0,700.0,1500.0,1000.0,33.51,0.0
2022-04-25,596.0,800.0,1800.0,1000.0,33.4,0.0
2022-04-26,597.0,800.0,1500.0,1000.0,33.39,0.0
2022-04-27,598.0,1000.0,1800.0,1200.0,34.67,0.0
2022-04-28,599.0,800.0,2000.0,1000.0,35.47,0.0
2022-04-29,600.0,600.0,1500.0,1000.0,35.95,0.0
2022-04-30,601.0,500.0,1500.0,1000.0,34.85,0.0
2022-05-01,602.0,400.0,1500.0,800.0,35.75,0.0
2022-05-02,603.0,600.0,1500.0,1000.0,35.88,0.02
2022-05-03,604.0,400.0,1200.0,700.0,35.67,0.0
2022-05-04,605.0,300.0,1500.0,800.0,34.62,0.0
2022-05-05,606.0,300.0,1200.0,700.0,33.82,0.0
2022-05-06,606.0,350.0,1200.0,750.0,34.48,0.0
2022-05-07,607.0,400.0,1200.0,800.0,34.9,0.0
2022-05-08,608.0,300.0,1200.0,700.0,35.73,0.0
2022-05-09,609.0,300.0,1200.0,700.0,35.24,0.0
2022-05-10,610.0,300.0,1400.0,800.0,35.53,0.0
2022-05-11,611.0,300.0,1200.0,700.0,36.38,0.0
2022-05-12,612.0,400.0,1400.0,800.0,37.02,0.0
2022-05-13,613.0,400.0,1000.0,800.0,37.45,0.0
2022-05-14,614.0,400.0,1500.0,800.0,37.73,0.0
2022-05-15,615.0,300.0,1200.0,700.0,37.07,0.0
2022-05-16,616.0,300.0,1200.0,700.0,35.78,0.0
2022-05-17,617.0,300.0,1200.0,600.0,34.82,0.0
2022-05-18,618.0,300.0,1200.0,600.0,34.43,0.0
2022-05-19,619.0,300.0,1300.0,700.0,36.34,0.0
2022-05-20,620.0,300.0,1200.0,600.0,36.87,0.0
2022-05-21,621.0,400.0,1400.0,800.0,35.36,0.0
2022-05-22,622.0,300.0,1200.0,600.0,34.4,0.03
2022-05-23,623.0,300.0,1200.0,600.0,33.96,1.13
2022-05-24,624.0,300.0,1000.0,600.0,33.47,2.43
2022-05-25,625.0,300.0,1200.0,800.0,33.77,2.55
2022-05-26,626.0,300.0,1000.0,600.0,34.77,2.68
2022-05-27,627.0,300.0,1000.0,600.0,33.89,0.08
2022-05-28,628.0,400.0,1200.0,700.0,33.79,0.0
2022-05-29,629.0,300.0,1000.0,600.0,34.11,0.02
2022-05-30,630.0,300.0,1000.0,600.0,35.36,0.01
2022-05-31,631.0,300.0,1000.0,600.0,35.5,0.0
2022-06-01,632.0,300.0,1000.0,600.0,36.12,0.0
2022-06-02,632.0,300.0,1100.0,800.0,36.56,0.0
2022-06-03,633.0,300.0,1200.0,1000.0,36.71,0.0
2022-06-04,634.0,600.0,1000.0,800.0,36.41,0.0
2022-06-05,635.0,800.0,1200.0,1000.0,36.43,0.0
2022-06-06,636.0,600.0,1000.0,800.0,36.64,0.0
2022-06-07,637.0,500.0,1000.0,600.0,35.98,0.0
2022-06-08,638.0,300.0,1200.0,600.0,36.07,0.0
2022-06-09,639.0,400.0,1000.0,800.0,36.3,0.96
2022-06-10,640.0,400.0,1000.0,700.0,35.7,0.02
2022-06-11,641.0,400.0,1200.0,800.0,34.28,1.73
2022-06-12,642.0,400.0,1200.0,700.0,32.75,0.55
2022-06-13,643.0,300.0,1000.0,600.0,33.37,0.24
2022-06-14,644.0,300.0,1200.0,600.0,33.45,0.0
2022-06-15,645.0,300.0,1000.0,600.0,31.7,0.21
2022-06-16,646.0,300.0,1000.0,600.0,30.79,10.57
2022-06-17,647.0,300.0,1000.0,600.0,29.42,5.03
2022-06-18,648.0,400.0,1000.0,700.0,28.87,9.28
2022-06-19,649.0,300.0,800.0,600.0,28.77,27.12
2022-06-20,650.0,400.0,1200.0,700.0,27.23,26.56
2022-06-21,651.0,300.0,1200.0,600.0,28.5,5.74
2022-06-22,652.0,300.0,1200.0,600.0,29.35,0.73
2022-06-23,653.0,400.0,1200.0,700.0,30.68,7.47
2022-06-24,654.0,400.0,1200.0,800.0,31.65,0.19
2022-06-25,655.0,600.0,1500.0,1100.0,31.39,0.0
2022-06-26,656.0,500.0,1500.0,1000.0,31.2,0.05
2022-06-27,657.0,600.0,1300.0,1000.0,30.04,0.06
2022-06-28,658.0,600.0,1400.0,1000.0,28.39,8.41
2022-06-29,659.0,500.0,1500.0,1100.0,27.08,13.48
2022-06-30,659.0,500.0,1500.0,1067.0,26.05,22.57
2022-07-01,659.0,500.0,1500.0,1033.0,26.51,3.83
2022-07-02,660.0,500.0,1500.0,1000.0,27.09,14.14
2022-07-03,661.0,400.0,1400.0,800.0,27.54,11.98
2022-07-04,662.0,500.0,1400.0,1000.0,26.18,41.66
2022-07-05,663.0,500.0,1400.0,900.0,27.92,7.78
2022-07-06,664.0,400.0,1300.0,800.0,28.11,5.25
2022-07-07,665.0,200.0,800.0,600.0,28.15,6.68
2022-07-08,666.0,300.0,900.0,600.0,28.47,16.3
2022-07-09,667.0,600.0,1500.0,1000.0,27.16,39.66
2022-07-10,668.0,400.0,1200.0,1000.0,27.96,47.38
2022-07-11,669.0,400.0,1200.0,800.0,27.22,66.33
2022-07-12,670.0,600.0,1400.0,800.0,28.28,12.16
2022-07-13,671.0,300.0,1000.0,600.0,28.77,19.77
2022-07-14,672.0,300.0,1200.0,600.0,28.66,9.43
2022-07-15,673.0,400.0,1200.0,700.0,27.48,21.84
2022-07-16,674.0,400.0,1200.0,700.0,26.33,22.08
2022-07-17,675.0,300.0,1000.0,600.0,26.15,28.21
2022-07-18,676.0,300.0,1200.0,600.0,28.09,18.68
2022-07-19,677.0,300.0,1400.0,700.0,27.36,6.37
2022-07-20,678.0,300.0,1400.0,700.0,26.58,1.78
2022-07-21,679.0,300.0,1200.0,800.0,26.33,10.43
2022-07-22,680.0,300.0,1200.0,700.0,26.04,15.83
2022-07-23,681.0,400.0,1500.0,800.0,25.6,20.67
2022-07-24,682.0,400.0,1500.0,700.0,27.05,17.1
2022-07-25,683.0,300.0,1000.0,700.0,24.92,38.02
2022-07-26,684.0,300.0,1500.0,800.0,25.54,12.24
2022-07-27,685.0,300.0,1600.0,700.0,25.82,2.02
2022-07-28,686.0,400.0,1000.0,800.0,26.51,1.75
2022-07-29,687.0,400.0,1800.0,800.0,26.41,4.33
2022-07-30,688.0,400.0,1800.0,1000.0,25.8,3.89
2022-07-31,689.0,300.0,1500.0,800.0,26.07,0.03
2022-08-01,690.0,300.0,1400.0,700.0,26.05,0.33
2022-08-02,691.0,300.0,1500.0,700.0,26.59,0.49
2022-08-03,692.0,300.0,1400.0,600.0,26.6,3.77
2022-08-04,693.0,200.0,1200.0,600.0,27.08,4.01
2022-08-05,694.0,300.0,1400.0,700.0,27.04,8.12
2022-08-06,695.0,300.0,1400.0,700.0,27.85,8.38
2022-08-07,696.0,400.0,1500.0,800.0,26.86,3.12
2022-08-08,697.0,400.0,1400.0,800.0,26.21,13.72
2022-08-09,698.0,400.0,1500.0,700.0,26.64,28.45
2022-08-10,699.0,300.0,1400.0,700.0,26.74,26.58
2022-08-11,700.0,300.0,1400.0,700.0,25.42,34.49
2022-08-12,701.0,300.0,1500.0,700.0,24.92,14.53
2022-08-13,702.0,400.0,1500.0,800.0,25.7,8.31
2022-08-14,703.0,400.0,1000.0,800.0,25.06,43.8
2022-08-15,704.0,500.0,1200.0,750.0,24.89,72.86
2022-08-16,705.0,300.0,1200.0,800.0,24.95,48.19
2022-08-17,706.0,300.0,1500.0,700.0,25.46,0.2
2022-08-18,707.0,300.0,1400.0,800.0,25.76,0.0
2022-08-19,708.0,400.0,1400.0,800.0,25.76,0.05
2022-08-20,709.0,500.0,1200.0,800.0,24.89,23.55
2022-08-21,710.0,300.0,1500.0,1000.0,24.71,93.43
2022-08-22,711.0,300.0,1400.0,800.0,24.32,163.32
2022-08-23,712.0,300.0,1000.0,700.0,24.94,10.68
2022-08-24,713.0,300.0,1500.0,800.0,25.01,0.77
2022-08-25,714.0,400.0,1200.0,800.0,24.86,2.27
2022-08-26,715.0,500.0,1500.0,1000.0,24.74,0.86
2022-08-27,716.0,300.0,1500.0,700.0,24.64,1.25
2022-08-28,717.0,400.0,1500.0,800.0,24.51,2.2
2022-08-29,718.0,400.0,1500.0,800.0,23.77,6.14
2022-08-30,719.0,300.0,1200.0,600.0,25.95,2.63
2022-08-31,720.0,400.0,1400.0,800.0,26.55,0.03
2022-09-01,721.0,300.0,1500.0,700.0,26.74,3.52
2022-09-02,722.0,300.0,1400.0,700.0,27.71,1.07
2022-09-03,723.0,400.0,1500.0,1000.0,26.93,1.27
2022-09-04,724.0,300.0,1500.0,800.0,25.52,19.04
2022-09-05,725.0,400.0,1400.0,800.0,26.33,8.09
2022-09-06,726.0,300.0,1400.0,700.0,26.55,12.54
2022-09-07,727.0,400.0,1200.0,800.0,26.63,0.35
2022-09-08,728.0,300.0,1400.0,800.0,26.23,0.21
2022-09-09,729.0,300.0,1200.0,700.0,26.27,2.1
2022-09-10,730.0,400.0,1500.0,800.0,26.2,3.91
2022-09-11,731.0,400.0,1400.0,800.0,26.42,2.38
2022-09-12,732.0,400.0,1500.0,800.0,26.56,8.25
2022-09-13,733.0,400.0,1500.0,800.0,24.73,52.8
2022-09-14,734.0,300.0,1500.0,700.0,24.94,25.48
2022-09-15,735.0,400.0,1500.0,800.0,24.79,17.49
2022-09-16,736.0,400.0,1400.0,800.0,25.31,6.67
2022-09-17,737.0,400.0,1500.0,800.0,25.73,0.25
2022-09-18,738.0,300.0,1400.0,700.0,25.77,0.11
2022-09-19,739.0,400.0,1400.0,800.0,26.06,0.54
2022-09-20,740.0,300.0,1200.0,600.0,25.99,2.14
2022-09-21,741.0,300.0,1200.0,600.0,25.56,10.24
2022-09-22,742.0,300.0,1400.0,600.0,24.47,15.76
2022-09-23,743.0,300.0,1200.0,700.0,23.77,14.28
2022-09-24,744.0,400.0,1600.0,800.0,23.5,5.82
2022-09-25,745.0,300.0,1500.0,800.0,24.67,0.01
2022-09-26,746.0,300.0,1400.0,800.0,24.83,5.85
2022-09-27,747.0,500.0,1200.0,800.0,25.67,8.68
2022-09-28,748.0,300.0,1200.0,600.0,26.25,0.0
2022-09-29,749.0,400.0,1400.0,800.0,26.35,0.0
2022-09-30,750.0,400.0,1200.0,800.0,25.88,0.0
2022-10-01,751.0,500.0,1400.0,1000.0,25.24,0.1
2022-10-02,752.0,300.0,1200.0,600.0,24.6,0.08
2022-10-03,753.0,300.0,1000.0,600.0,24.42,0.0
2022-10-04,754.0,300.0,1000.0,600.0,24.62,0.89
2022-10-05,755.0,300.0,1200.0,600.0,24.74,32.99
2022-10-06,756.0,300.0,1000.0,600.0,24.8,35.52
2022-10-07,757.0,300.0,1000.0,600.0,24.38,10.26
2022-10-08,758.0,400.0,1200.0,800.0,24.82,1.02
2022-10-09,759.0,400.0,1000.0,700.0,25.16,0.48
2022-10-10,760.0,300.0,1200.0,600.0,24.59,33.95
2022-10-11,761.0,400.0,1200.0,600.0,24.07,14.07
2022-10-12,762.0,300.0,1200.0,600.0,23.76,0.64
2022-10-13,763.0,400.0,1200.0,800.0,21.8,0.0
2022-10-14,763.0,350.0,1350.0,800.0,20.83,0.0
2022-10-15,764.0,300.0,1500.0,800.0,21.18,0.0
2022-10-16,765.0,300.0,1400.0,800.0,20.74,0.0
2022-10-17,766.0,300.0,1200.0,800.0,21.8,0.0
2022-10-18,767.0,300.0,1400.0,800.0,21.57,0.02
2022-10-19,768.0,400.0,1200.0,700.0,19.68,0.0
2022-10-20,769.0,600.0,1400.0,1000.0,20.26,0.0
2022-10-21,770.0,500.0,1500.0,1200.0,20.27,0.0
2022-10-22,771.0,400.0,1500.0,800.0,21.4,0.0
2022-10-23,771.0,400.0,1500.0,800.0,20.84,0.0
2022-10-24,772.0,400.0,1500.0,800.0,20.49,0.0
2022-10-25,773.0,300.0,1400.0,700.0,21.5,0.0
2022-10-26,774.0,600.0,1500.0,1000.0,22.96,0.0
2022-10-27,775.0,800.0,1800.0,1200.0,23.13,0.0
2022-10-28,776.0,800.0,1800.0,1500.0,22.52,0.0
2022-10-29,777.0,500.0,1800.0,1000.0,22.26,0.0
2022-10-30,778.0,500.0,2000.0,800.0,20.13,0.0
2022-10-31,779.0,400.0,1800.0,800.0,19.23,0.0
2022-11-01,780.0,400.0,1800.0,800.0,19.43,0.0
2022-11-02,781.0,400.0,1400.0,800.0,20.95,0.0
2022-11-03,782.0,600.0,1800.0,1000.0,21.41,0.0
2022-11-04,783.0,400.0,1400.0,800.0,22.6,0.0
2022-11-05,784.0,800.0,1500.0,1000.0,23.85,0.0
2022-11-06,785.0,1000.0,1500.0,1200.0,22.89,0.0
2022-11-07,786.0,500.0,1400.0,1000.0,22.36,0.0
2022-11-08,787.0,400.0,1200.0,800.0,21.79,0.0
2022-11-09,787.0,400.0,1200.0,800.0,21.43,0.0
2022-11-10,788.0,400.0,1200.0,800.0,21.18,0.0
2022-11-11,788.0,400.0,1200.0,800.0,20.81,0.0
2022-11-12,789.0,400.0,1200.0,800.0,19.66,0.0
2022-11-13,790.0,400.0,1000.0,700.0,19.0,0.0
2022-11-14,790.0,400.0,1200.0,750.0,18.34,0.0
2022-11-15,791.0,400.0,1400.0,800.0,18.81,0.0
2022-11-16,792.0,500.0,1500.0,800.0,19.25,0.0
2022-11-17,793.0,400.0,1200.0,800.0,18.22,0.0
2022-11-18,794.0,500.0,1500.0,800.0,16.94,0.0
2022-11-19,795.0,600.0,1600.0,1000.0,15.74,0.0
2022-11-20,795.0,500.0,1500.0,900.0,15.5,0.0
2022-11-21,796.0,400.0,1400.0,800.0,15.54,0.0
2022-11-22,797.0,300.0,1100.0,600.0,16.91,0.0
2022-11-23,798.0,400.0,1200.0,800.0,17.18,0.0
2022-11-24,799.0,500.0,1500.0,1000.0,16.24,0.0
2022-11-25,800.0,400.0,1200.0,800.0,15.17,0.0
2022-11-26,801.0,400.0,1200.0,800.0,16.92,0.0
2022-11-27,802.0,300.0,1100.0,800.0,17.73,0.0
2022-11-28,803.0,300.0,1200.0,800.0,16.08,0.0
2022-11-29,804.0,200.0,1200.0,800.0,15.73,0.0
2022-11-30,805.0,300.0,1300.0,1000.0,15.6,0.0
2022-12-01,805.0,300.0,1250.0,1000.0,15.9,0.0
2022-12-02,806.0,300.0,1200.0,1000.0,16.46,0.0
2022-12-03,807.0,400.0,1500.0,1000.0,16.68,0.0
2022-12-04,808.0,500.0,1600.0,1200.0,17.18,0.0
2022-12-05,809.0,500.0,1500.0,1000.0,17.64,0.0
2022-12-06,810.0,400.0,1400.0,1000.0,16.94,0.0
2022-12-07,811.0,300.0,1200.0,800.0,15.35,0.0
2022-12-08,812.0,300.0,1200.0,800.0,14.65,0.0
2022-12-09,813.0,300.0,1200.0,800.0,14.44,0.0
2022-12-10,814.0,300.0,1500.0,1000.0,14.93,0.0
2022-12-11,815.0,300.0,1200.0,800.0,16.24,0.0
2022-12-12,816.0,100.0,800.0,400.0,18.38,0.27
2022-12-13,817.0,100.0,800.0,400.0,17.26,8.55
2022-12-14,818.0,100.0,800.0,400.0,18.11,0.0
2022-12-15,819.0,100.0,800.0,400.0,19.69,0.07
2022-12-16,820.0,100.0,800.0,400.0,19.24,0.0
2022-12-17,821.0,100.0,800.0,600.0,18.14,0.0
2022-12-18,822.0,100.0,700.0,500.0,16.32,0.0
2022-12-19,823.0,200.0,700.0,400.0,16.39,0.0
2022-12-20,824.0,100.0,700.0,400.0,17.27,0.0
2022-12-21,825.0,100.0,600.0,300.0,18.16,0.0
2022-12-22,826.0,300.0,700.0,400.0,19.78,0.0
2022-12-23,827.0,200.0,900.0,500.0,19.92,0.0
2022-12-24,828.0,200.0,900.0,500.0,17.02,0.0
2022-12-25,829.0,200.0,1000.0,500.0,15.41,0.0
2022-12-26,830.0,100.0,1000.0,400.0,16.33,0.0
2022-12-27,831.0,100.0,1000.0,500.0,16.01,0.0
2022-12-28,832.0,100.0,1000.0,400.0,15.46,0.0
2022-12-29,833.0,200.0,1200.0,500.0,16.5,0.0
2022-12-30,834.0,200.0,1200.0,600.0,17.85,0.0
2022-12-31,835.0,200.0,1200.0,600.0,16.08,0.0
2023-01-01,836.0,200.0,1200.0,500.0,14.56,0.0
2023-01-02,837.0,200.0,1400.0,600.0,13.14,0.0
2023-01-03,838.0,100.0,1300.0,600.0,12.51,0.0
2023-01-04,839.0,200.0,1300.0,600.0,11.57,0.0
2023-01-05,840.0,200.0,1400.0,500.0,11.72,0.0
2023-01-06,841.0,200.0,1400.0,700.0,12.57,0.0
2023-01-07,842.0,200.0,1400.0,700.0,11.94,0.0
2023-01-08,843.0,100.0,1300.0,700.0,12.35,0.0
2023-01-09,844.0,200.0,1400.0,800.0,14.3,0.0
2023-01-10,845.0,300.0,1400.0,800.0,15.17,0.0
2023-01-11,846.0,300.0,1500.0,800.0,16.62,0.0
2023-01-12,847.0,200.0,1500.0,800.0,17.0,0.0
2023-01-13,848.0,300.0,1500.0,800.0,17.14,0.0
2023-01-14,848.0,350.0,1650.0,900.0,13.68,0.0
2023-01-15,849.0,400.0,1800.0,1000.0,12.47,0.0
2023-01-16,850.0,500.0,1800.0,1000.0,12.84,0.0
2023-01-17,851.0,400.0,1800.0,1000.0,13.1,0.0
2023-01-18,852.0,400.0,1700.0,1000.0,12.84,0.0
2023-01-19,853.0,300.0,1800.0,1000.0,14.37,0.0
2023-01-20,854.0,200.0,1800.0,1000.0,16.94,0.0
2023-01-21,854.0,250.0,1650.0,900.0,17.58,0.0
2023-01-22,855.0,300.0,1500.0,800.0,18.35,0.0
2023-01-23,856.0,200.0,1600.0,800.0,19.35,0.0
2023-01-24,857.0,200.0,1600.0,800.0,19.62,0.0
2023-01-25,858.0,300.0,1800.0,1000.0,17.1,7.36
2023-01-26,859.0,200.0,1600.0,800.0,16.16,6.07
2023-01-27,860.0,200.0,1400.0,800.0,16.76,0.05
2023-01-28,861.0,200.0,1400.0,800.0,18.35,0.0
2023-01-29,862.0,300.0,1500.0,800.0,19.69,0.0
2023-01-30,863.0,300.0,1600.0,1000.0,20.38,0.0
2023-01-31,864.0,400.0,1800.0,1000.0,17.58,0.0
2023-02-01,865.0,300.0,1600.0,800.0,15.14,0.0
2023-02-02,866.0,200.0,1500.0,800.0,15.31,0.0
2023-02-03,867.0,200.0,1400.0,800.0,16.7,0.0
2023-02-04,868.0,300.0,1600.0,800.0,17.82,0.0
2023-02-05,869.0,200.0,1500.0,800.0,19.94,0.0
2023-02-06,870.0,600.0,1400.0,800.0,19.93,0.0
2023-02-07,871.0,200.0,1500.0,800.0,18.04,0.0
2023-02-08,872.0,300.0,1500.0,800.0,18.23,0.0
2023-02-09,873.0,300.0,1400.0,800.0,19.7,0.0
2023-02-10,874.0,200.0,1400.0,700.0,20.84,0.0
2023-02-11,875.0,300.0,1200.0,600.0,20.04,0.0
2023-02-12,876.0,200.0,1400.0,700.0,18.83,0.0
2023-02-13,877.0,200.0,1400.0,700.0,16.98,0.0
2023-02-14,878.0,300.0,1500.0,800.0,19.36,0.0
2023-02-15,879.0,300.0,1500.0,800.0,21.03,0.0
2023-02-16,880.0,200.0,1500.0,800.0,22.03,0.0
2023-02-17,881.0,200.0,1500.0,800.0,21.31,0.0
2023-02-18,882.0,200.0,1500.0,800.0,20.99,0.0
2023-02-19,883.0,300.0,1400.0,800.0,22.73,0.0
2023-02-20,884.0,200.0,1300.0,700.0,24.01,0.0
2023-02-21,885.0,300.0,1400.0,800.0,23.48,0.0
2023-02-22,886.0,200.0,1300.0,700.0,23.4,0.0
2023-02-23,887.0,300.0,1300.0,800.0,23.6,0.0
2023-02-24,888.0,300.0,1300.0,700.0,24.11,0.0
2023-02-25,889.0,300.0,1200.0,600.0,23.89,0.0
2023-02-26,890.0,300.0,1200.0,700.0,22.94,0.0
2023-02-27,891.0,200.0,1200.0,600.0,23.65,0.0
2023-02-28,892.0,200.0,1200.0,600.0,24.97,0.0
2023-03-01,893.0,300.0,1600.0,800.0,25.09,0.0
2023-03-02,894.0,200.0,1200.0,800.0,25.24,0.0
2023-03-03,895.0,200.0,1200.0,700.0,25.99,0.0
2023-03-04,896.0,200.0,1300.0,800.0,26.07,0.0
2023-03-05,897.0,200.0,1200.0,700.0,25.73,0.61
2023-03-06,898.0,300.0,1300.0,800.0,25.85,0.22
2023-03-07,899.0,300.0,1400.0,800.0,23.36,3.71
2023-03-08,900.0,300.0,1300.0,700.0,24.4,0.04
2023-03-09,901.0,300.0,1200.0,800.0,23.17,0.5
2023-03-10,902.0,200.0,1200.0,600.0,22.98,0.0
2023-03-11,903.0,300.0,1400.0,700.0,24.15,0.0
2023-03-12,904.0,200.0,1200.0,600.0,25.43,0.0
2023-03-13,905.0,200.0,1200.0,600.0,25.7,0.0
2023-03-14,906.0,200.0,1200.0,600.0,26.82,0.0
2023-03-15,907.0,200.0,1000.0,600.0,27.33,0.18
2023-03-16,908.0,200.0,1000.0,700.0,26.0,1.39
2023-03-17,909.0,200.0,1000.0,600.0,25.78,1.33
2023-03-18,910.0,300.0,1000.0,600.0,23.27,3.54
2023-03-19,911.0,300.0,1000.0,700.0,22.75,1.8
2023-03-20,912.0,400.0,1000.0,700.0,22.82,8.61
2023-03-21,913.0,300.0,1000.0,600.0,23.19,0.01
2023-03-22,914.0,200.0,1000.0,700.0,23.26,0.19
2023-03-23,915.0,200.0,1000.0,700.0,24.09,0.02
2023-03-24,915.0,200.0,1000.0,700.0,26.09,0.0
2023-03-25,916.0,200.0,1000.0,700.0,25.42,0.0
2023-03-26,917.0,300.0,1000.0,600.0,25.1,0.0
2023-03-27,918.0,300.0,1000.0,700.0,25.89,0.0
2023-03-28,919.0,300.0,1000.0,700.0,27.32,0.0
2023-03-29,920.0,200.0,1000.0,600.0,28.18,0.0
2023-03-30,921.0,300.0,1000.0,700.0,28.43,0.03
2023-03-31,922.0,200.0,1000.0,700.0,26.39,1.89
2023-04-01,922.0,250.0,1000.0,700.0,25.15,0.0
2023-04-02,923.0,300.0,1000.0,700.0,27.24,0.0
2023-04-03,924.0,300.0,1000.0,700.0,27.86,0.0
2023-04-04,925.0,300.0,1000.0,700.0,28.26,0.03
2023-04-05,926.0,200.0,1000.0,600.0,27.97,0.02
2023-04-06,927.0,300.0,1000.0,700.0,28.41,0.0
2023-04-07,928.0,200.0,1000.0,600.0,29.2,0.0
2023-04-08,929.0,300.0,1000.0,700.0,26.91,4.86
2023-04-09,930.0,200.0,1000.0,600.0,28.46,0.67
2023-04-10,931.0,300.0,1000.0,700.0,29.56,2.05
2023-04-11,932.0,200.0,1000.0,600.0,31.0,0.0
2023-04-12,933.0,200.0,1000.0,700.0,31.39,0.0
2023-04-13,934.0,300.0,1000.0,800.0,30.69,0.0
2023-04-14,935.0,200.0,1000.0,600.0,29.89,0.0
2023-04-15,936.0,300.0,1000.0,700.0,31.05,0.0
2023-04-16,937.0,200.0,1000.0,600.0,31.25,0.0
2023-04-17,938.0,200.0,1000.0,600.0,31.33,0.0
2023-04-18,939.0,200.0,1000.0,700.0,32.07,0.0
2023-04-19,940.0,200.0,1000.0,700.0,32.48,0.44
2023-04-20,940.0,200.0,1000.0,700.0,31.39,0.2
2023-04-21,941.0,200.0,1000.0,700.0,30.03,3.47
2023-04-22,941.0,250.0,1000.0,700.0,29.62,0.0
2023-04-23,942.0,300.0,1000.0,700.0,29.7,0.21
2023-04-24,943.0,300.0,1000.0,700.0,28.76,0.0
2023-04-25,944.0,300.0,1200.0,800.0,29.25,0.0
2023-04-26,945.0,300.0,1000.0,700.0,27.89,5.3
2023-04-27,946.0,300.0,1000.0,700.0,28.83,0.34
2023-04-28,947.0,200.0,1000.0,600.0,27.56,1.77
2023-04-29,948.0,200.0,1000.0,600.0,24.66,7.28
2023-04-30,949.0,200.0,1000.0,600.0,25.1,15.74
2023-05-01,950.0,200.0,1000.0,600.0,24.6,6.88
2023-05-02,951.0,300.0,1000.0,700.0,26.33,0.33
2023-05-03,952.0,300.0,1000.0,600.0,27.01,9.23
2023-05-04,953.0,400.0,1000.0,800.0,27.74,2.88
2023-05-05,954.0,400.0,1200.0,800.0,28.43,0.04
2023-05-06,955.0,300.0,1000.0,800.0,30.35,0.01
2023-05-07,956.0,200.0,1000.0,700.0,31.29,0.01
2023-05-08,957.0,200.0,1000.0,700.0,31.9,0.04
2023-05-09,958.0,200.0,1000.0,700.0,30.86,0.0
2023-05-10,959.0,300.0,1200.0,800.0,30.09,0.0
2023-05-11,960.0,200.0,1000.0,600.0,31.93,0.0
2023-05-12,961.0,600.0,1200.0,1000.0,32.2,0.0
2023-05-13,961.0,500.0,1200.0,1000.0,32.96,0.0
2023-05-14,962.0,400.0,1200.0,1000.0,34.27,0.0
2023-05-15,962.0,300.0,1000.0,800.0,33.53,0.03
2023-05-16,963.0,200.0,800.0,600.0,33.94,4.14
2023-05-17,964.0,300.0,600.0,500.0,33.75,0.31
2023-05-18,965.0,300.0,800.0,600.0,33.21,2.84
2023-05-19,965.0,300.0,800.0,550.0,33.55,0.0
2023-05-20,966.0,300.0,800.0,500.0,34.33,0.0
2023-05-21,967.0,300.0,800.0,600.0,35.44,0.01
2023-05-22,968.0,300.0,1000.0,800.0,34.88,3.55
2023-05-23,969.0,300.0,1000.0,700.0,34.65,0.02
2023-05-24,970.0,300.0,1000.0,700.0,33.61,0.0
2023-05-25,971.0,300.0,1000.0,700.0,33.21,0.51
2023-05-26,972.0,300.0,1000.0,700.0,32.78,0.73
2023-05-27,973.0,300.0,1000.0,700.0,33.29,0.51
2023-05-28,974.0,300.0,1000.0,700.0,32.21,3.91
2023-05-29,975.0,300.0,800.0,600.0,30.7,4.02
2023-05-30,976.0,300.0,800.0,600.0,31.47,0.09
2023-05-31,977.0,300.0,1000.0,700.0,31.81,0.0
2023-06-01,978.0,300.0,1000.0,700.0,32.54,0.0
2023-06-02,979.0,300.0,1000.0,700.0,33.24,0.77
2023-06-03,980.0,300.0,1000.0,700.0,33.18,2.21
2023-06-04,981.0,300.0,1000.0,700.0,33.52,0.0
2023-06-05,982.0,300.0,1000.0,700.0,33.29,0.0
2023-06-06,983.0,300.0,1000.0,700.0,34.13,0.09
2023-06-07,984.0,300.0,1000.0,700.0,34.34,1.22
2023-06-08,985.0,300.0,1000.0,700.0,35.35,0.01
2023-06-09,986.0,300.0,1000.0,700.0,35.69,0.01
2023-06-10,987.0,300.0,1000.0,700.0,34.92,0.0
2023-06-11,988.0,300.0,1000.0,700.0,35.05,0.0
2023-06-12,989.0,300.0,1000.0,700.0,35.91,0.0
2023-06-13,990.0,300.0,1000.0,700.0,35.62,1.71
2023-06-14,991.0,300.0,1000.0,700.0,34.79,0.74
2023-06-15,992.0,300.0,1000.0,700.0,34.25,0.0
2023-06-16,993.0,300.0,1000.0,700.0,34.21,0.0
2023-06-17,994.0,500.0,1000.0,700.0,33.12,0.0
2023-06-18,995.0,300.0,1000.0,700.0,32.18,0.29
2023-06-19,996.0,300.0,1000.0,700.0,31.91,1.01
2023-06-20,997.0,300.0,1000.0,600.0,31.56,7.97
2023-06-21,998.0,300.0,1000.0,700.0,30.31,3.33
2023-06-22,999.0,300.0,1000.0,700.0,27.33,1.25
2023-06-23,1000.0,400.0,1000.0,800.0,25.5,23.0
2023-06-24,1001.0,400.0,1000.0,800.0,28.7,1.2
2023-06-25,1002.0,400.0,1000.0,700.0,29.53,10.24
2023-06-26,1003.0,400.0,1000.0,700.0,27.38,47.4
2023-06-27,1004.0,300.0,1200.0,800.0,25.98,37.01
2023-06-28,1005.0,400.0,1200.0,800.0,26.39,10.67
2023-06-29,1006.0,300.0,1000.0,700.0,26.73,16.85
2023-06-30,1007.0,400.0,1200.0,800.0,25.79,8.93
2023-07-01,1008.0,300.0,1200.0,700.0,26.35,9.57
2023-07-02,1009.0,300.0,1000.0,700.0,27.92,4.65
2023-07-03,1010.0,300.0,1000.0,700.0,28.38,0.27
2023-07-04,1011.0,300.0,1000.0,800.0,30.04,1.29
2023-07-05,1012.0,500.0,1500.0,1000.0,28.09,7.77
2023-07-06,1013.0,400.0,1200.0,800.0,27.4,17.14
2023-07-07,1014.0,500.0,1200.0,800.0,27.54,14.78
2023-07-08,1015.0,400.0,1000.0,800.0,26.78,13.28
2023-07-09,1016.0,400.0,1200.0,800.0,27.24,1.03
2023-07-10,1017.0,400.0,1200.0,800.0,27.33,5.21
2023-07-11,1018.0,400.0,1200.0,800.0,26.84,9.15
2023-07-12,1019.0,400.0,1200.0,800.0,27.68,7.16
2023-07-13,1019.0,400.0,1200.0,800.0,28.07,18.23
2023-07-14,1020.0,400.0,1200.0,800.0,26.9,16.22
2023-07-15,1021.0,500.0,1200.0,800.0,26.09,29.03
2023-07-16,1022.0,400.0,1200.0,800.0,26.41,25.15
2023-07-17,1023.0,500.0,1200.0,800.0,26.75,31.78
2023-07-18,1024.0,400.0,1200.0,800.0,27.38,19.92
2023-07-19,1025.0,400.0,1200.0,800.0,28.19,9.9
2023-07-20,1026.0,400.0,1200.0,800.0,28.79,7.48
2023-07-21,1027.0,400.0,1200.0,800.0,28.68,6.05
2023-07-22,1028.0,500.0,1200.0,800.0,27.77,15.35
2023-07-23,1029.0,400.0,1200.0,800.0,28.11,4.65
2023-07-24,1029.0,450.0,1200.0,800.0,27.87,9.26
2023-07-25,1030.0,500.0,1200.0,800.0,26.46,1.99
2023-07-26,1031.0,500.0,1200.0,800.0,27.0,15.03
2023-07-27,1032.0,500.0,1200.0,800.0,28.35,3.5
2023-07-28,1033.0,400.0,1200.0,800.0,27.77,12.76
2023-07-29,1033.0,400.0,1100.0,800.0,26.11,3.5
2023-07-30,1034.0,400.0,1000.0,800.0,26.4,3.32
2023-07-31,1035.0,400.0,1200.0,800.0,27.12,2.37
2023-08-01,1036.0,400.0,1200.0,800.0,27.29,1.74
2023-08-02,1037.0,400.0,1200.0,800.0,26.37,7.93
2023-08-03,1038.0,400.0,1200.0,800.0,24.47,57.04
2023-08-04,1039.0,400.0,1200.0,800.0,24.51,18.35
2023-08-05,1039.0,400.0,1200.0,800.0,25.54,6.35
2023-08-06,1040.0,400.0,1200.0,800.0,25.09,2.08
2023-08-07,1041.0,400.0,1200.0,800.0,25.59,0.87
2023-08-08,1042.0,400.0,1200.0,800.0,24.64,0.02
2023-08-09,1043.0,400.0,1200.0,800.0,25.72,0.0
2023-08-10,1044.0,400.0,1200.0,800.0,26.03,0.0
2023-08-11,1044.0,400.0,1200.0,800.0,26.14,0.04
2023-08-12,1045.0,400.0,1200.0,800.0,25.93,0.06
2023-08-13,1046.0,400.0,1200.0,800.0,25.67,1.93
2023-08-14,1047.0,400.0,1200.0,800.0,25.27,2.62
2023-08-15,1048.0,400.0,1200.0,800.0,25.43,2.77
2023-08-16,1049.0,400.0,1200.0,800.0,26.01,0.35
2023-08-17,1050.0,400.0,1200.0,800.0,26.12,8.75
2023-08-18,1051.0,400.0,1200.0,800.0,25.27,44.73
2023-08-19,1052.0,400.0,1200.0,800.0,26.23,28.09
2023-08-20,1053.0,400.0,1200.0,800.0,27.71,11.07
2023-08-21,1054.0,400.0,1200.0,800.0,27.13,0.31
2023-08-22,1055.0,400.0,1200.0,800.0,25.82,1.61
2023-08-23,1056.0,400.0,1200.0,800.0,25.43,0.46
2023-08-24,1057.0,400.0,1200.0,800.0,25.0,0.16
2023-08-25,1058.0,400.0,1200.0,800.0,25.54,0.14
2023-08-26,1059.0,400.0,1200.0,800.0,25.65,0.01
2023-08-27,1060.0,400.0,1200.0,800.0,25.46,1.32
2023-08-28,1060.0,400.0,1200.0,800.0,24.83,0.36
2023-08-29,1061.0,400.0,1200.0,800.0,25.26,0.0
2023-08-30,1062.0,500.0,1800.0,1000.0,25.87,0.0
2023-08-31,1063.0,400.0,1200.0,800.0,26.43,5.4
2023-09-01,1064.0,400.0,1500.0,800.0,27.07,1.41
2023-09-02,1065.0,400.0,1500.0,800.0,27.32,0.0
2023-09-03,1066.0,500.0,1500.0,1000.0,27.02,0.0
2023-09-04,1067.0,500.0,1500.0,1000.0,26.8,0.01
2023-09-05,1068.0,500.0,1500.0,1000.0,26.68,10.26
2023-09-06,1069.0,500.0,2000.0,1000.0,26.04,12.98
2023-09-07,1070.0,500.0,1500.0,1000.0,26.19,9.91
2023-09-08,1071.0,500.0,1500.0,1000.0,26.18,15.1
2023-09-09,1072.0,500.0,1500.0,1000.0,25.96,36.13
2023-09-10,1073.0,500.0,1800.0,1000.0,26.08,23.5
2023-09-11,1074.0,500.0,1500.0,1000.0,25.55,2.18
2023-09-12,1075.0,500.0,1500.0,800.0,25.1,7.1
2023-09-13,1076.0,400.0,1500.0,800.0,25.01,2.52
2023-09-14,1077.0,300.0,1500.0,800.0,25.61,10.91
2023-09-15,1078.0,400.0,1600.0,800.0,25.81,39.58
2023-09-16,1078.0,400.0,1550.0,800.0,25.44,42.39
2023-09-17,1079.0,400.0,1500.0,800.0,23.67,2.85
2023-09-18,1080.0,300.0,1500.0,800.0,24.37,0.06
2023-09-19,1081.0,400.0,1500.0,800.0,25.81,0.01
2023-09-20,1082.0,300.0,1500.0,800.0,26.45,1.42
2023-09-21,1083.0,400.0,1500.0,1000.0,26.45,13.45
2023-09-22,1084.0,300.0,1500.0,700.0,26.84,5.15
2023-09-23,1085.0,300.0,1600.0,800.0,26.02,5.02
2023-09-24,1086.0,400.0,1800.0,1000.0,26.33,2.59
2023-09-25,1087.0,300.0,1500.0,800.0,26.63,2.03
2023-09-26,1088.0,300.0,1500.0,800.0,26.39,0.12
2023-09-27,1088.0,300.0,1500.0,750.0,25.96,0.0
2023-09-28,1089.0,300.0,1500.0,700.0,26.34,0.0
2023-09-29,1090.0,600.0,1200.0,800.0,26.01,0.0
2023-09-30,1091.0,800.0,2000.0,1000.0,25.33,0.0
2023-10-01,1092.0,800.0,2000.0,1500.0,25.25,0.0
2023-10-02,1093.0,600.0,2000.0,1400.0,25.12,0.0
2023-10-03,1094.0,800.0,2000.0,1200.0,24.93,0.0
2023-10-04,1095.0,700.0,2000.0,1200.0,23.95,0.0
2023-10-05,1096.0,600.0,2000.0,1200.0,23.03,0.0
2023-10-06,1097.0,700.0,1800.0,1200.0,23.54,0.0
2023-10-07,1098.0,800.0,2000.0,1400.0,24.39,0.0
2023-10-08,1099.0,700.0,2000.0,1300.0,24.02,0.0
2023-10-09,1100.0,600.0,1800.0,1200.0,24.11,0.0
2023-10-10,1101.0,600.0,2000.0,1400.0,23.88,0.0
2023-10-11,1102.0,700.0,1800.0,1200.0,23.98,0.0
2023-10-12,1103.0,600.0,1800.0,1300.0,23.99,0.0
2023-10-13,1104.0,700.0,1800.0,1200.0,24.92,0.0
2023-10-14,1105.0,600.0,2000.0,1400.0,24.44,0.0
2023-10-15,1106.0,600.0,2000.0,1300.0,24.73,0.0
2023-10-16,1107.0,600.0,2000.0,1400.0,24.91,0.24
2023-10-17,1108.0,600.0,2000.0,1300.0,24.68,1.18
2023-10-18,1109.0,600.0,2000.0,1400.0,24.79,0.03
2023-10-19,1110.0,600.0,1800.0,1200.0,23.24,0.0
2023-10-20,1111.0,600.0,1800.0,1300.0,23.0,0.0
2023-10-21,1112.0,600.0,2000.0,1300.0,23.12,0.0
2023-10-22,1113.0,800.0,2200.0,1500.0,22.39,0.0
2023-10-23,1114.0,600.0,2000.0,1000.0,21.61,0.0
2023-10-24,1115.0,600.0,2000.0,1400.0,21.37,0.0
2023-10-25,1116.0,600.0,2500.0,1400.0,21.46,0.0
2023-10-26,1117.0,800.0,3000.0,2000.0,22.35,0.0
2023-10-27,1118.0,800.0,3000.0,2000.0,21.81,0.0
2023-10-28,1119.0,800.0,4000.0,2500.0,21.08,0.0
2023-10-29,1120.0,1000.0,4000.0,2000.0,21.27,0.0
2023-10-30,1121.0,1000.0,4000.0,2200.0,20.44,0.0
2023-10-31,1122.0,1000.0,4500.0,2500.0,21.35,0.0
2023-11-01,1123.0,1000.0,3500.0,2000.0,21.67,0.0
2023-11-02,1124.0,1000.0,3500.0,2400.0,21.72,0.0
2023-11-03,1125.0,1000.0,3500.0,2200.0,21.78,0.0
2023-11-04,1126.0,1000.0,3500.0,2000.0,21.72,0.0
2023-11-05,1127.0,1000.0,3500.0,1800.0,21.61,0.0
2023-11-06,1128.0,1200.0,3000.0,2000.0,22.36,0.0
2023-11-07,1129.0,1200.0,3000.0,2000.0,22.77,0.0
2023-11-08,1130.0,1000.0,3400.0,2500.0,22.92,0.0
2023-11-09,1131.0,1200.0,3600.0,2500.0,23.28,0.0
2023-11-10,1131.0,1150.0,3575.0,2375.0,22.6,0.0
2023-11-11,1131.0,1100.0,3550.0,2250.0,22.16,0.0
2023-11-12,1131.0,1050.0,3525.0,2125.0,19.92,0.0
2023-11-13,1132.0,1000.0,3500.0,2000.0,19.11,0.0
2023-11-14,1133.0,1000.0,3600.0,2200.0,19.45,0.0
2023-11-15,1134.0,1500.0,5000.0,2500.0,19.22,0.0
2023-11-16,1134.0,1250.0,4400.0,2150.0,18.68,0.0
2023-11-17,1135.0,1000.0,3800.0,1800.0,18.55,0.0
2023-11-18,1136.0,1000.0,3800.0,1800.0,19.42,0.0
2023-11-19,1137.0,1000.0,3800.0,1800.0,20.57,0.0
2023-11-20,1138.0,1500.0,4200.0,3000.0,21.24,0.0
2023-11-21,1139.0,1500.0,4500.0,2500.0,20.87,0.0
2023-11-22,1140.0,1200.0,4000.0,3000.0,20.14,0.0
2023-11-23,1141.0,1000.0,3400.0,2000.0,19.28,0.0
2023-11-24,1142.0,1500.0,3400.0,2000.0,19.2,0.0
2023-11-25,1142.0,1267.0,3267.0,1933.0,17.81,0.0
2023-11-26,1142.0,1033.0,3133.0,1867.0,16.35,0.0
2023-11-27,1143.0,800.0,3000.0,1800.0,16.8,6.88
2023-11-28,1144.0,1000.0,4500.0,2000.0,18.87,2.51
2023-11-29,1145.0,800.0,3000.0,1800.0,20.14,0.99
2023-11-30,1146.0,1000.0,3400.0,2000.0,20.65,7.27
2023-12-01,1147.0,1000.0,3600.0,1900.0,19.87,5.27
2023-12-02,1148.0,1000.0,3500.0,1800.0,20.53,0.76
2023-12-03,1149.0,1000.0,3600.0,2000.0,21.02,0.21
2023-12-04,1150.0,1000.0,4000.0,2200.0,20.88,0.11
2023-12-05,1151.0,1000.0,3800.0,2400.0,19.72,0.01
2023-12-06,1152.0,1000.0,4000.0,2300.0,19.12,0.12
2023-12-07,1153.0,1000.0,3600.0,2000.0,18.71,0.22
2023-12-08,1154.0,1000.0,3800.0,2200.0,19.47,0.0
2023-12-09,1155.0,1000.0,3800.0,2200.0,18.63,0.0
2023-12-10,1156.0,1200.0,3800.0,2500.0,17.61,0.0
2023-12-11,1157.0,1000.0,3500.0,2000.0,17.7,0.0
2023-12-12,1158.0,1000.0,3000.0,2000.0,17.51,0.0
2023-12-13,1159.0,600.0,2000.0,1200.0,16.82,0.0
2023-12-14,1160.0,600.0,1500.0,1000.0,16.36,0.0
2023-12-15,1161.0,600.0,1500.0,1000.0,16.58,0.0
2023-12-16,1162.0,500.0,1500.0,1000.0,17.03,0.0
2023-12-17,1163.0,500.0,1500.0,1000.0,16.77,0.0
2023-12-18,1164.0,500.0,1500.0,1000.0,15.47,0.0
2023-12-19,1165.0,400.0,1500.0,800.0,15.18,0.0
2023-12-20,1166.0,400.0,1500.0,1000.0,13.79,0.0
2023-12-21,1166.0,750.0,1742.0,1250.0,14.39,0.0
2023-12-22,1166.0,1100.0,1984.0,1500.0,14.8,0.0
2023-12-23,1166.0,1450.0,2226.0,1750.0,17.87,0.0
2023-12-24,1166.0,1800.0,2467.0,2000.0,17.48,0.0
2023-12-25,1166.0,2150.0,2709.0,2250.0,17.68,0.0
2023-12-26,1167.0,2500.0,2951.0,2500.0,17.71,0.0
2023-12-27,1167.0,2469.0,2892.0,2469.0,17.54,0.0
2023-12-28,1167.0,2438.0,2832.0,2438.0,17.47,0.0
2023-12-29,1167.0,2406.0,2773.0,2406.0,17.41,0.0
2023-12-30,1167.0,2375.0,2713.0,2375.0,17.85,0.0
2023-12-31,1167.0,2344.0,2654.0,2344.0,18.63,0.0
2024-01-01,1167.0,2312.0,2594.0,2312.0,18.87,0.0
2024-01-02,1167.0,2281.0,2535.0,2281.0,18.78,0.0
2024-01-03,1167.0,2250.0,2476.0,2250.0,19.05,0.13
2024-01-04,1167.0,2219.0,2416.0,2219.0,18.91,6.66
2024-01-05,1167.0,2188.0,2357.0,2188.0,18.14,5.46
2024-01-06,1167.0,2156.0,2297.0,2156.0,17.23,0.22
2024-01-07,1167.0,2125.0,2238.0,2125.0,17.19,0.07
2024-01-08,1167.0,2094.0,2178.0,2094.0,18.75,0.05
2024-01-09,1167.0,2062.0,2119.0,2062.0,19.38,0.0
2024-01-10,1167.0,2031.0,2059.0,2031.0,18.02,0.0
2024-01-11,1168.0,2000.0,2000.0,2000.0,18.11,0.0
2024-01-12,1168.0,1880.0,1880.0,1880.0,18.5,0.0
2024-01-13,1168.0,1760.0,1760.0,1760.0,19.91,0.0
2024-01-14,1168.0,1640.0,1640.0,1640.0,18.43,0.0
2024-01-15,1169.0,1520.0,1520.0,1520.0,16.38,0.0
2024-01-16,1170.0,1310.0,1310.0,1310.0,16.22,0.0
2024-01-17,1170.0,1270.0,1312.0,1270.0,16.9,0.0
2024-01-18,1170.0,1230.0,1315.0,1230.0,15.15,0.0
2024-01-19,1170.0,1190.0,1318.0,1190.0,14.72,0.0
2024-01-20,1171.0,1150.0,1320.0,1150.0,15.48,0.0
2024-01-21,1171.0,1140.0,1291.0,1140.0,14.22,0.44
2024-01-22,1171.0,1130.0,1262.0,1130.0,14.05,0.0
2024-01-23,1171.0,1120.0,1233.0,1120.0,13.76,0.0
2024-01-24,1171.0,1110.0,1204.0,1110.0,13.72,0.0
2024-01-25,1171.0,1100.0,1176.0,1100.0,14.64,0.0
2024-01-26,1171.0,1090.0,1147.0,1090.0,16.08,0.0
2024-01-27,1171.0,1080.0,1118.0,1080.0,18.21,0.0
2024-01-28,1171.0,1070.0,1089.0,1070.0,19.18,0.0
2024-01-29,1172.0,1060.0,1060.0,1060.0,19.41,0.0
2024-01-30,1172.0,1055.0,1055.0,1055.0,18.5,0.0
2024-01-31,1172.0,1050.0,1050.0,1050.0,18.74,0.0
2024-02-01,1172.0,1045.0,1045.0,1045.0,19.48,0.0
2024-02-02,1172.0,1040.0,1040.0,1040.0,19.4,0.0
2024-02-03,1172.0,1035.0,1035.0,1035.0,20.2,0.0
2024-02-04,1172.0,1030.0,1030.0,1030.0,22.66,0.12
2024-02-05,1172.0,1025.0,1025.0,1025.0,22.0,0.06
2024-02-06,1172.0,1020.0,1020.0,1020.0,20.72,0.0
2024-02-07,1172.0,1015.0,1015.0,1015.0,20.04,0.0
2024-02-08,1172.0,1010.0,1010.0,1010.0,17.31,0.0
2024-02-09,1172.0,1005.0,1005.0,1005.0,17.04,0.0
2024-02-10,1173.0,1000.0,1000.0,1000.0,17.98,0.0
2024-02-11,1173.0,1009.0,1009.0,1009.0,19.54,0.13
2024-02-12,1173.0,1018.0,1018.0,1018.0,21.01,0.01
2024-02-13,1173.0,1027.0,1027.0,1027.0,22.09,0.0
2024-02-14,1173.0,1036.0,1036.0,1036.0,20.88,0.0
2024-02-15,1173.0,1045.0,1045.0,1045.0,20.56,0.0
2024-02-16,1173.0,1055.0,1055.0,1055.0,21.99,0.0
2024-02-17,1173.0,1064.0,1064.0,1064.0,21.93,0.0
2024-02-18,1173.0,1073.0,1073.0,1073.0,23.26,0.0
2024-02-19,1173.0,1082.0,1082.0,1082.0,24.31,0.0
2024-02-20,1173.0,1091.0,1091.0,1091.0,23.98,0.0
2024-02-21,1174.0,1100.0,1100.0,1100.0,23.59,0.0
2024-02-22,1174.0,1101.0,1101.0,1101.0,21.68,0.02
2024-02-23,1174.0,1102.0,1102.0,1102.0,20.72,0.03
2024-02-24,1174.0,1103.0,1103.0,1103.0,21.1,0.0
2024-02-25,1174.0,1104.0,1104.0,1104.0,19.8,0.0
2024-02-26,1175.0,1105.0,1105.0,1105.0,20.68,0.01
2024-02-27,1175.0,1028.0,1028.0,1028.0,22.67,7.0
2024-02-28,1176.0,950.0,950.0,950.0,22.5,0.0
2024-02-29,1176.0,955.0,959.0,959.0,22.95,0.0
2024-03-01,1176.0,961.0,969.0,969.0,25.2,0.0
2024-03-02,1176.0,966.0,978.0,978.0,24.29,4.14
2024-03-03,1176.0,971.0,988.0,988.0,21.8,0.89
2024-03-04,1176.0,976.0,997.0,997.0,17.5,0.0
2024-03-05,1176.0,982.0,1006.0,1006.0,19.29,0.0
2024-03-06,1176.0,987.0,1016.0,1016.0,20.79,0.0
2024-03-07,1176.0,992.0,1025.0,1025.0,21.35,0.0
2024-03-08,1176.0,998.0,1035.0,1035.0,21.74,0.0
2024-03-09,1176.0,1003.0,1044.0,1044.0,22.47,0.0
2024-03-10,1176.0,1008.0,1054.0,1054.0,24.46,0.0
2024-03-11,1176.0,1014.0,1063.0,1063.0,25.55,0.0
2024-03-12,1176.0,1019.0,1072.0,1072.0,26.19,0.0
2024-03-13,1176.0,1024.0,1082.0,1082.0,25.71,0.0
2024-03-14,1176.0,1029.0,1091.0,1091.0,24.63,0.0
2024-03-15,1176.0,1035.0,1101.0,1101.0,24.94,0.0
2024-03-16,1177.0,1040.0,1110.0,1110.0,25.2,0.0
2024-03-17,1177.0,1027.0,1095.0,1095.0,26.36,0.01
2024-03-18,1177.0,1014.0,1080.0,1080.0,27.13,0.0
2024-03-19,1177.0,1001.0,1065.0,1065.0,26.0,0.0
2024-03-20,1177.0,988.0,1050.0,1050.0,25.42,0.0
2024-03-21,1178.0,975.0,1035.0,1035.0,25.01,0.0
2024-03-22,1178.0,976.0,1033.0,1033.0,27.05,0.0
2024-03-23,1178.0,977.0,1032.0,1032.0,28.25,0.0
2024-03-24,1178.0,978.0,1030.0,1030.0,28.45,0.0
2024-03-25,1178.0,978.0,1028.0,1028.0,29.06,0.0
2024-03-26,1178.0,979.0,1027.0,1027.0,29.45,0.0
2024-03-27,1178.0,980.0,1025.0,1025.0,30.81,0.0
2024-03-28,1178.0,981.0,1023.0,1023.0,32.22,0.0
2024-03-29,1178.0,982.0,1022.0,1022.0,32.32,1.18
2024-03-30,1178.0,982.0,1020.0,1020.0,29.77,0.05
2024-03-31,1178.0,983.0,1018.0,1018.0,29.64,0.0
2024-04-01,1178.0,984.0,1017.0,1017.0,29.15,0.0
2024-04-02,1179.0,985.0,1015.0,1015.0,30.11,0.0
2024-04-03,1180.0,1200.0,1200.0,1200.0,31.25,0.0
2024-04-04,1180.0,1150.0,1150.0,1150.0,29.14,0.0
2024-04-05,1181.0,1100.0,1100.0,1100.0,30.91,0.0
2024-04-06,1181.0,1086.0,1086.0,1086.0,29.97,0.0
2024-04-07,1181.0,1072.0,1072.0,1072.0,28.6,0.91
2024-04-08,1181.0,1059.0,1059.0,1059.0,29.96,0.03
2024-04-09,1182.0,1045.0,1045.0,1045.0,30.56,3.78
2024-04-10,1182.0,1049.0,1114.0,1114.0,27.59,9.84
2024-04-11,1182.0,1054.0,1184.0,1184.0,26.57,3.89
2024-04-12,1182.0,1058.0,1253.0,1253.0,26.97,2.8
2024-04-13,1182.0,1062.0,1322.0,1322.0,26.32,20.98
2024-04-14,1182.0,1066.0,1392.0,1392.0,28.06,1.37
2024-04-15,1182.0,1070.0,1461.0,1461.0,29.92,0.0
2024-04-16,1182.0,1075.0,1531.0,1531.0,30.85,0.24
2024-04-17,1183.0,1079.0,1600.0,1600.0,30.33,0.0
2024-04-18,1184.0,1000.0,1620.0,1620.0,30.35,0.0
2024-04-19,1185.0,1200.0,1500.0,1500.0,30.95,0.0
2024-04-20,1185.0,1033.0,1567.0,1433.0,30.58,0.0
2024-04-21,1185.0,867.0,1633.0,1367.0,28.13,1.09
2024-04-22,1186.0,700.0,1700.0,1300.0,28.97,0.2
2024-04-23,1187.0,1170.0,1520.0,1520.0,30.1,0.0
2024-04-24,1188.0,923.0,1500.0,1500.0,31.3,0.03
2024-04-25,1189.0,965.0,1400.0,1000.0,33.3,0.0
2024-04-26,1190.0,900.0,1300.0,1300.0,32.01,0.21
2024-04-27,1191.0,785.0,1300.0,1300.0,30.29,0.0
2024-04-28,1192.0,885.0,905.0,905.0,32.61,0.0
2024-04-29,1192.0,868.0,1110.0,1020.0,33.13,0.0
2024-04-30,1192.0,852.0,1315.0,1135.0,32.46,0.0
2024-05-01,1193.0,835.0,1520.0,1250.0,30.52,0.0
2024-05-02,1194.0,840.0,1300.0,1250.0,29.39,0.0
2024-05-03,1194.0,832.0,1192.0,1158.0,32.11,0.0
2024-05-04,1194.0,823.0,1083.0,1067.0,33.26,0.0
2024-05-05,1195.0,815.0,975.0,975.0,33.19,0.0
2024-05-06,1195.0,931.0,1338.0,1262.0,33.74,0.0
2024-05-07,1196.0,1047.0,1700.0,1550.0,35.86,0.0
2024-05-08,1197.0,653.0,1618.0,970.0,35.6,0.0
2024-05-09,1197.0,782.0,1564.0,1240.0,35.45,0.05
2024-05-10,1198.0,910.0,1510.0,1510.0,35.63,0.5
2024-05-11,1199.0,650.0,1700.0,1150.0,36.1,0.0
2024-05-12,1199.0,708.0,1594.0,1225.0,35.68,0.0
2024-05-13,1200.0,765.0,1487.0,1300.0,34.35,1.36
2024-05-14,1200.0,808.0,1494.0,1325.0,34.12,1.06
2024-05-15,1201.0,850.0,1500.0,1350.0,33.23,1.85
2024-05-16,1202.0,944.0,1440.0,1360.0,33.86,0.0
2024-05-17,1203.0,938.0,1570.0,1300.0,33.71,1.19
2024-05-18,1204.0,900.0,1510.0,1300.0,34.69,0.7
2024-05-19,1204.0,838.0,1523.0,1333.0,36.18,0.0
2024-05-20,1204.0,777.0,1537.0,1367.0,36.17,1.72
2024-05-21,1205.0,715.0,1550.0,1400.0,36.51,1.28
2024-05-22,1206.0,955.0,1350.0,1300.0,36.72,0.0
2024-05-23,1207.0,1010.0,1400.0,1400.0,37.82,0.0
2024-05-24,1207.0,982.0,1430.0,1370.0,36.85,0.0
2024-05-25,1207.0,954.0,1460.0,1340.0,36.51,0.0
2024-05-26,1207.0,926.0,1490.0,1310.0,37.93,0.0
2024-05-27,1207.0,898.0,1520.0,1280.0,38.49,0.0
2024-05-28,1208.0,870.0,1550.0,1250.0,38.32,0.0
2024-05-29,1209.0,850.0,1659.0,1300.0,37.13,0.0
2024-05-30,1210.0,1187.0,1609.0,1500.0,36.42,0.0
2024-05-31,1210.0,1141.0,1643.0,1588.0,37.04,0.01
2024-06-01,1211.0,1095.0,1677.0,1677.0,37.25,0.03
2024-06-02,1212.0,1210.0,1210.0,1210.0,34.11,0.0
2024-06-03,1212.0,1205.0,1480.0,1480.0,36.27,0.02
2024-06-04,1213.0,1200.0,1750.0,1750.0,36.53,1.42
2024-06-05,1213.0,1146.0,1900.0,1888.0,34.96,0.31
2024-06-06,1213.0,1092.0,2050.0,2025.0,37.13,0.01
2024-06-07,1213.0,1039.0,2200.0,2162.0,38.09,0.04
2024-06-08,1214.0,985.0,2350.0,2300.0,36.77,0.11
2024-06-09,1215.0,895.0,1045.0,1045.0,36.0,0.04
2024-06-10,1215.0,1024.0,1294.0,1284.0,34.62,0.86
2024-06-11,1215.0,1152.0,1544.0,1522.0,36.43,0.21
2024-06-12,1215.0,1281.0,1794.0,1761.0,36.16,0.05
2024-06-13,1216.0,1410.0,2043.0,2000.0,35.22,0.03
2024-06-14,1217.0,1435.0,2221.0,1900.0,34.98,0.07
2024-06-15,1218.0,1513.0,2275.0,2275.0,35.55,1.44
2024-06-16,1218.0,1686.0,2345.0,2345.0,35.74,10.68
2024-06-17,1218.0,1859.0,2416.0,2416.0,33.89,1.68
2024-06-18,1219.0,2032.0,2486.0,2486.0,33.1,8.28
2024-06-19,1219.0,2073.0,2572.0,2572.0,30.39,20.74
2024-06-20,1219.0,2114.0,2657.0,2657.0,31.32,10.56
2024-06-21,1219.0,2154.0,2743.0,2743.0,27.75,17.6
2024-06-22,1219.0,2195.0,2829.0,2829.0,30.21,4.79
2024-06-23,1219.0,2236.0,2914.0,2914.0,30.3,15.34
2024-06-24,1220.0,2277.0,3000.0,3000.0,30.55,4.82
2024-06-25,1220.0,2208.0,2888.0,2888.0,30.47,6.98
2024-06-26,1220.0,2138.0,2775.0,2775.0,30.49,12.26
2024-06-27,1220.0,2069.0,2662.0,2662.0,30.22,5.54
2024-06-28,1221.0,2000.0,2550.0,2550.0,29.89,10.55
2024-06-29,1222.0,2000.0,2660.0,2300.0,27.85,13.62
2024-06-30,1222.0,2000.0,2747.0,2400.0,27.15,18.78
2024-07-01,1222.0,2000.0,2833.0,2500.0,26.46,21.5
2024-07-02,1223.0,2000.0,2920.0,2600.0,27.35,3.05
2024-07-03,1224.0,2100.0,2800.0,2650.0,27.87,7.64
2024-07-04,1225.0,1575.0,3100.0,2700.0,27.64,9.83
2024-07-05,1226.0,2020.0,2800.0,2800.0,26.86,22.13
2024-07-06,1227.0,1550.0,2750.0,2500.0,26.59,4.17
2024-07-07,1227.0,1562.0,2700.0,2500.0,27.9,9.87
2024-07-08,1227.0,1573.0,2650.0,2500.0,28.92,3.9
2024-07-09,1228.0,1585.0,2600.0,2500.0,29.4,3.66
2024-07-10,1228.0,1802.0,2750.0,2700.0,28.77,2.27
2024-07-11,1229.0,2020.0,2900.0,2900.0,27.49,6.05
2024-07-12,1229.0,2065.0,2975.0,2775.0,27.83,6.3
2024-07-13,1230.0,2110.0,3050.0,2650.0,28.11,15.14
2024-07-14,1231.0,1585.0,1625.0,1625.0,28.79,13.87
2024-07-15,1232.0,1975.0,2900.0,2600.0,29.01,5.78
2024-07-16,1233.0,1528.0,2850.0,2500.0,28.94,9.23
2024-07-17,1234.0,2104.0,2600.0,2200.0,28.77,14.59
2024-07-18,1235.0,2000.0,2800.0,2200.0,29.02,16.96
2024-07-19,1236.0,1100.0,2700.0,2400.0,28.97,12.83
2024-07-20,1237.0,1500.0,2650.0,2650.0,27.55,30.18
2024-07-21,1237.0,1905.0,2630.0,2480.0,28.49,15.15
2024-07-22,1238.0,2310.0,2610.0,2310.0,28.81,43.13
2024-07-23,1239.0,1550.0,2500.0,2500.0,26.64,72.58
2024-07-24,1239.0,1555.0,2550.0,2550.0,26.8,20.43
2024-07-25,1240.0,1560.0,2600.0,2600.0,26.25,24.25
2024-07-26,1241.0,1550.0,2410.0,2400.0,25.75,41.47
2024-07-27,1242.0,1800.0,2500.0,2500.0,26.6,49.57
2024-07-28,1242.0,2218.0,2632.0,2632.0,27.48,15.79
2024-07-29,1243.0,2635.0,2765.0,2765.0,27.73,2.43
2024-07-30,1244.0,1575.0,2600.0,2600.0,25.77,0.14
2024-07-31,1245.0,1580.0,3000.0,3000.0,26.65,16.52
2024-08-01,1246.0,1570.0,2600.0,2600.0,25.83,35.42
2024-08-02,1247.0,2300.0,2500.0,2500.0,26.11,64.7
2024-08-03,1248.0,2470.0,2600.0,2600.0,25.64,42.29
2024-08-04,1248.0,2022.0,2125.0,2125.0,25.57,43.52
2024-08-05,1249.0,1575.0,1650.0,1650.0,25.88,2.47
2024-08-06,1250.0,2000.0,2950.0,2600.0,25.83,0.63
2024-08-07,1251.0,1580.0,2900.0,2900.0,25.46,2.27
2024-08-08,1252.0,1710.0,3010.0,3010.0,25.16,8.85
2024-08-09,1253.0,1711.0,3100.0,2700.0,25.45,3.31
2024-08-10,1254.0,2350.0,3200.0,3010.0,25.64,10.85
2024-08-11,1254.0,2150.0,3155.0,3005.0,25.83,8.89
2024-08-12,1255.0,1950.0,3110.0,3000.0,25.37,9.06
2024-08-13,1256.0,1950.0,3600.0,3200.0,26.66,0.85
2024-08-14,1257.0,2015.0,3200.0,3200.0,26.53,15.21
2024-08-15,1257.0,1978.0,3250.0,3100.0,25.72,8.84
2024-08-16,1258.0,1940.0,3300.0,3000.0,26.47,3.19
2024-08-17,1259.0,1953.0,3100.0,2900.0,26.44,1.09
2024-08-18,1259.0,1948.0,3150.0,2990.0,26.9,0.87
2024-08-19,1259.0,1944.0,3200.0,3080.0,27.25,1.1
2024-08-20,1259.0,1939.0,3250.0,3170.0,27.68,18.64
2024-08-21,1259.0,1935.0,3300.0,3260.0,26.78,7.9
2024-08-22,1260.0,1930.0,3350.0,3350.0,26.8,14.03
2024-08-23,1261.0,2540.0,3600.0,3400.0,26.53,18.16
2024-08-24,1262.0,1950.0,3530.0,3510.0,26.41,50.49
2024-08-25,1262.0,2825.0,3615.0,3605.0,26.14,32.02
2024-08-26,1263.0,3700.0,3700.0,3700.0,24.18,4.18
2024-08-27,1264.0,1960.0,3650.0,3600.0,25.01,0.52
2024-08-28,1265.0,1925.0,3600.0,3300.0,25.48,0.29
2024-08-29,1266.0,1700.0,3200.0,3000.0,24.18,7.35
2024-08-30,1267.0,2610.0,3200.0,3000.0,26.34,6.0
2024-08-31,1268.0,2900.0,2900.0,2900.0,26.52,8.64
2024-09-01,1268.0,2450.0,3160.0,3160.0,26.81,9.82
2024-09-02,1269.0,2000.0,3420.0,3420.0,27.01,4.45
2024-09-03,1270.0,2495.0,3675.0,3000.0,26.66,1.34
2024-09-04,1271.0,2050.0,3700.0,3500.0,26.7,2.15
2024-09-05,1272.0,2000.0,3600.0,3300.0,25.37,17.54
2024-09-06,1273.0,2350.0,3700.0,2600.0,26.42,6.43
2024-09-07,1274.0,3050.0,3520.0,3520.0,25.86,2.7
2024-09-08,1274.0,2530.0,3390.0,3390.0,26.23,2.12
2024-09-09,1275.0,2011.0,3260.0,3260.0,26.76,3.69
2024-09-10,1276.0,2933.0,3350.0,3350.0,26.8,46.48
2024-09-11,1277.0,2000.0,3320.0,3000.0,25.59,54.92
2024-09-12,1278.0,2011.0,3450.0,3450.0,24.97,11.08
2024-09-13,1279.0,2550.0,3800.0,3800.0,24.83,0.49
2024-09-14,1280.0,2500.0,3900.0,3800.0,23.95,0.07
2024-09-15,1280.0,2262.0,4150.0,3900.0,24.1,0.09
2024-09-16,1281.0,2025.0,4400.0,4000.0,24.34,1.01
2024-09-17,1282.0,2012.0,4310.0,4310.0,24.37,10.71
2024-09-18,1283.0,3610.0,3947.0,3800.0,23.86,6.35
2024-09-19,1284.0,2720.0,4000.0,4000.0,25.03,0.18
2024-09-20,1284.0,2368.0,4100.0,3850.0,25.67,0.46
2024-09-21,1285.0,2015.0,4200.0,3700.0,26.67,0.4
2024-09-22,1285.0,2028.0,4115.0,3850.0,27.04,0.06
2024-09-23,1286.0,2040.0,4030.0,4000.0,27.11,0.16
2024-09-24,1287.0,2500.0,4200.0,4200.0,27.38,0.11
2024-09-25,1288.0,2100.0,4000.0,3700.0,26.73,2.89
2024-09-26,1289.0,2500.0,3922.0,3922.0,25.93,3.54
2024-09-27,1290.0,2816.0,3557.0,3557.0,25.93,9.9
2024-09-28,1291.0,2595.0,2615.0,2615.0,25.5,25.02
2024-09-29,1291.0,2472.0,3082.0,3058.0,26.33,1.13
2024-09-30,1292.0,2350.0,3550.0,3500.0,26.07,0.21
2024-10-01,1293.0,1780.0,3400.0,3400.0,26.3,0.0
2024-10-02,1294.0,3247.0,3715.0,3715.0,26.74,0.0
2024-10-03,1295.0,2800.0,3300.0,3300.0,26.35,0.0
2024-10-04,1295.0,2302.0,3250.0,3250.0,25.67,0.0
2024-10-05,1295.0,1803.0,3200.0,3200.0,25.97,0.0
2024-10-06,1296.0,1305.0,3150.0,3150.0,25.66,0.0
2024-10-07,1297.0,2880.0,2890.0,2890.0,24.76,0.33
2024-10-08,1297.0,1902.0,2938.0,2938.0,24.81,0.24
2024-10-09,1298.0,923.0,2987.0,2987.0,25.21,0.24
2024-10-10,1299.0,2500.0,2500.0,2500.0,24.54,0.25
2024-10-11,1299.0,2550.0,2570.0,2570.0,23.97,2.25
2024-10-12,1299.0,2600.0,2640.0,2640.0,24.04,1.53
2024-10-13,1299.0,2650.0,2710.0,2710.0,24.77,5.4
2024-10-14,1300.0,2700.0,2780.0,2780.0,24.76,7.11
2024-10-15,1301.0,3106.0,3632.0,3500.0,25.04,0.62
2024-10-16,1302.0,2800.0,3700.0,3500.0,24.18,0.0
2024-10-17,1303.0,2300.0,2300.0,2300.0,23.28,0.0
2024-10-18,1303.0,2307.0,3000.0,2850.0,23.36,0.04
2024-10-19,1304.0,2314.0,3700.0,3400.0,23.92,0.89
2024-10-20,1304.0,2557.0,3450.0,3300.0,24.21,0.6
2024-10-21,1305.0,2800.0,3200.0,3200.0,24.55,0.18
2024-10-22,1306.0,2200.0,3510.0,3510.0,24.11,0.04
2024-10-23,1307.0,3350.0,3850.0,3500.0,23.59,0.0
2024-10-24,1308.0,2338.0,3850.0,3600.0,22.39,0.0
2024-10-25,1309.0,2380.0,3500.0,3500.0,22.51,0.0
2024-10-26,1310.0,1997.0,3600.0,3600.0,22.77,0.0
2024-10-27,1310.0,2186.0,2988.0,2988.0,21.86,0.0
2024-10-28,1311.0,2375.0,2375.0,2375.0,22.26,0.0
2024-10-29,1312.0,1760.0,2610.0,2610.0,23.55,0.0
2024-10-30,1313.0,1587.0,1587.0,1587.0,24.59,0.0
2024-10-31,1314.0,1460.0,1460.0,1460.0,24.7,0.0
2024-11-01,1315.0,1950.0,1950.0,1950.0,25.28,0.0
2024-11-02,1316.0,558.0,973.0,973.0,24.17,0.0
2024-11-03,1316.0,918.0,1195.0,1195.0,24.01,0.0
2024-11-04,1316.0,1278.0,1416.0,1416.0,22.87,0.0
2024-11-05,1317.0,1638.0,1638.0,1638.0,21.06,0.0
2024-11-06,1317.0,2032.0,2923.0,2923.0,20.55,0.0
2024-11-07,1318.0,2425.0,4208.0,4208.0,21.09,0.0
2024-11-08,1318.0,2385.0,3811.0,3811.0,21.47,0.0
2024-11-09,1318.0,2345.0,3415.0,3415.0,21.08,0.0
2024-11-10,1318.0,2305.0,3018.0,3018.0,20.7,0.0
2024-11-11,1318.0,2265.0,2622.0,2622.0,20.56,0.0
2024-11-12,1319.0,2225.0,2225.0,2225.0,20.39,0.0
2024-11-13,1319.0,2183.0,2183.0,2183.0,19.93,0.0
2024-11-14,1319.0,2141.0,2141.0,2141.0,19.1,0.0
2024-11-15,1319.0,2098.0,2098.0,2098.0,19.04,0.0
2024-11-16,1319.0,2056.0,2056.0,2056.0,19.71,0.0
2024-11-17,1319.0,2014.0,2014.0,2014.0,19.83,0.0
2024-11-18,1319.0,1972.0,1972.0,1972.0,19.18,0.0
2024-11-19,1319.0,1930.0,1930.0,1930.0,18.15,0.0
2024-11-20,1319.0,1887.0,1887.0,1887.0,16.94,0.0
2024-11-21,1319.0,1845.0,1845.0,1845.0,16.03,0.0
2024-11-22,1320.0,1803.0,1803.0,1803.0,15.46,0.0
2024-11-23,1321.0,2000.0,2000.0,2000.0,15.95,0.0
2024-11-24,1321.0,2083.0,2083.0,2083.0,16.49,0.0
2024-11-25,1321.0,2167.0,2167.0,2167.0,17.52,0.0
2024-11-26,1322.0,2250.0,2250.0,2250.0,18.25,0.0
2024-11-27,1322.0,2234.0,2236.0,2236.0,18.01,0.0
2024-11-28,1322.0,2219.0,2222.0,2222.0,16.39,0.0
2024-11-29,1322.0,2203.0,2208.0,2208.0,15.04,0.0
2024-11-30,1322.0,2188.0,2193.0,2193.0,14.98,0.0
2024-12-01,1322.0,2172.0,2179.0,2179.0,15.5,0.0
2024-12-02,1322.0,2157.0,2165.0,2165.0,15.92,0.0
2024-12-03,1322.0,2141.0,2151.0,2151.0,17.98,0.0
2024-12-04,1322.0,2125.0,2137.0,2137.0,18.65,0.0
2024-12-05,1322.0,2110.0,2123.0,2123.0,19.0,0.0
2024-12-06,1322.0,2094.0,2108.0,2108.0,18.95,0.0
2024-12-07,1322.0,2079.0,2094.0,2094.0,19.93,0.0
2024-12-08,1322.0,2063.0,2080.0,2080.0,18.63,0.0
2024-12-09,1322.0,2048.0,2066.0,2066.0,13.71,0.0
2024-12-10,1322.0,2032.0,2052.0,2052.0,12.72,0.0
2024-12-11,1322.0,2017.0,2038.0,2038.0,13.0,0.0
2024-12-12,1322.0,2001.0,2024.0,2024.0,12.86,0.0
2024-12-13,1322.0,1985.0,2009.0,2009.0,12.51,0.0
2024-12-14,1322.0,1970.0,1995.0,1995.0,13.35,0.0
2024-12-15,1322.0,1954.0,1981.0,1981.0,13.27,0.0
2024-12-16,1322.0,1939.0,1967.0,1967.0,13.29,0.0
2024-12-17,1322.0,1923.0,1953.0,1953.0,14.84,0.0
2024-12-18,1322.0,1908.0,1939.0,1939.0,15.17,0.0
2024-12-19,1322.0,1892.0,1925.0,1925.0,15.66,0.0
2024-12-20,1322.0,1876.0,1910.0,1910.0,15.81,0.0
2024-12-21,1322.0,1861.0,1896.0,1896.0,15.11,0.0
2024-12-22,1322.0,1845.0,1882.0,1882.0,15.12,0.0
2024-12-23,1322.0,1830.0,1868.0,1868.0,17.98,0.0
2024-12-24,1322.0,1814.0,1854.0,1854.0,18.45,0.04
2024-12-25,1322.0,1799.0,1840.0,1840.0,18.74,0.01
2024-12-26,1322.0,1783.0,1825.0,1825.0,19.59,0.0
2024-12-27,1322.0,1767.0,1811.0,1811.0,19.99,4.06
2024-12-28,1322.0,1752.0,1797.0,1797.0,19.92,24.88
2024-12-29,1322.0,1736.0,1783.0,1783.0,17.15,0.29
2024-12-30,1322.0,1721.0,1769.0,1769.0,14.69,0.0
2024-12-31,1322.0,1705.0,1755.0,1755.0,15.02,0.0
2025-01-01,1322.0,1690.0,1741.0,1741.0,14.42,0.0
2025-01-02,1322.0,1674.0,1726.0,1726.0,15.38,0.0
2025-01-03,1322.0,1658.0,1712.0,1712.0,16.42,0.0
2025-01-04,1322.0,1643.0,1698.0,1698.0,17.06,0.0
2025-01-05,1322.0,1627.0,1684.0,1684.0,16.61,1.5
2025-01-06,1322.0,1612.0,1670.0,1670.0,16.38,0.0
2025-01-07,1322.0,1596.0,1656.0,1656.0,13.96,0.0
2025-01-08,1322.0,1581.0,1642.0,1642.0,13.24,0.0
2025-01-09,1322.0,1565.0,1627.0,1627.0,14.03,0.0
2025-01-10,1322.0,1550.0,1613.0,1613.0,14.77,0.0
2025-01-11,1322.0,1534.0,1599.0,1599.0,16.98,0.22
2025-01-12,1322.0,1518.0,1585.0,1585.0,17.21,0.45
2025-01-13,1322.0,1503.0,1571.0,1571.0,13.41,0.01
2025-01-14,1322.0,1487.0,1557.0,1557.0,14.28,0.0
2025-01-15,1322.0,1472.0,1542.0,1542.0,17.39,0.0
2025-01-16,1322.0,1456.0,1528.0,1528.0,18.91,0.0
2025-01-17,1322.0,1441.0,1514.0,1514.0,16.98,0.0
2025-01-18,1323.0,1425.0,1500.0,1500.0,16.54,0.0
2025-01-19,1323.0,1422.0,1500.0,1500.0,18.14,0.0
2025-01-20,1323.0,1419.0,1500.0,1500.0,18.87,0.0
2025-01-21,1323.0,1417.0,1500.0,1500.0,19.92,0.0
2025-01-22,1323.0,1414.0,1500.0,1500.0,19.68,0.0
2025-01-23,1323.0,1411.0,1500.0,1500.0,19.01,0.0
2025-01-24,1323.0,1408.0,1500.0,1500.0,16.92,0.0
2025-01-25,1323.0,1406.0,1500.0,1500.0,16.49,0.0
2025-01-26,1323.0,1403.0,1500.0,1500.0,16.8,0.0
2025-01-27,1324.0,1400.0,1500.0,1500.0,17.06,0.0
2025-01-28,1325.0,1400.0,1500.0,1500.0,18.07,0.0
2025-01-29,1326.0,1425.0,1500.0,1500.0,20.53,0.0
2025-01-30,1326.0,1262.0,1425.0,1400.0,20.24,0.0
2025-01-31,1327.0,1100.0,1350.0,1300.0,19.25,0.0
2025-02-01,1328.0,1460.0,2100.0,1700.0,19.61,0.0
2025-02-02,1328.0,1405.0,2125.0,1900.0,20.38,0.0
2025-02-03,1329.0,1350.0,2150.0,2100.0,22.32,0.0
2025-02-04,1330.0,1600.0,2200.0,2000.0,23.07,0.0
2025-02-05,1331.0,2300.0,2300.0,2300.0,20.41,0.0
2025-02-06,1332.0,1700.0,2250.0,2100.0,17.95,0.0
2025-02-07,1333.0,2100.0,2411.0,2411.0,18.39,0.0
2025-02-08,1334.0,2100.0,2100.0,2100.0,19.52,0.0
2025-02-09,1334.0,2235.0,2350.0,2350.0,21.6,0.0
2025-02-10,1335.0,2370.0,2600.0,2600.0,23.31,0.0
2025-02-11,1335.0,2360.0,2650.0,2600.0,22.53,0.0
2025-02-12,1336.0,2350.0,2700.0,2600.0,20.76,0.0
2025-02-13,1336.0,2075.0,2837.0,2683.0,19.85,0.0
2025-02-14,1336.0,1800.0,2973.0,2767.0,21.82,0.0
2025-02-15,1337.0,1525.0,3110.0,2850.0,22.99,0.0
2025-02-16,1337.0,1917.0,3007.0,2833.0,23.84,0.0
2025-02-17,1337.0,2308.0,2903.0,2817.0,24.07,0.0
2025-02-18,1338.0,2700.0,2800.0,2800.0,23.91,0.0
2025-02-19,1339.0,1425.0,2200.0,2200.0,23.47,0.0
2025-02-20,1340.0,1425.0,2100.0,2100.0,24.0,0.0
2025-02-21,1341.0,1900.0,1900.0,1900.0,22.98,0.0
2025-02-22,1341.0,1800.0,2050.0,2050.0,22.17,0.0
2025-02-23,1341.0,1700.0,2200.0,2200.0,22.06,0.0
2025-02-24,1341.0,1600.0,2350.0,2350.0,21.87,0.0
2025-02-25,1342.0,1500.0,2500.0,2500.0,22.23,0.0
2025-02-26,1342.0,1778.0,2400.0,2400.0,23.44,0.0
2025-02-27,1343.0,2056.0,2300.0,2300.0,25.08,0.0
2025-02-28,1344.0,2033.0,2450.0,2450.0,26.06,0.0
2025-03-01,1344.0,1872.0,2367.0,2367.0,25.97,0.0
2025-03-02,1344.0,1711.0,2283.0,2283.0,24.94,0.0
2025-03-03,1345.0,1550.0,2200.0,2200.0,25.43,0.0
2025-03-04,1346.0,1325.0,2200.0,2200.0,24.24,0.0
2025-03-05,1347.0,1580.0,1900.0,1900.0,19.77,0.0
2025-03-06,1348.0,1860.0,1920.0,1920.0,21.56,0.0
2025-03-07,1348.0,1570.0,1725.0,1725.0,24.38,0.0
2025-03-08,1349.0,1280.0,1530.0,1530.0,25.0,0.0
2025-03-09,1349.0,1450.0,1640.0,1640.0,24.96,0.0
2025-03-10,1350.0,1620.0,1750.0,1750.0,25.93,0.0
2025-03-11,1351.0,1555.0,1600.0,1600.0,27.35,0.0
2025-03-12,1351.0,1547.0,1592.0,1592.0,28.27,0.0
2025-03-13,1351.0,1539.0,1583.0,1583.0,28.62,0.0
2025-03-14,1351.0,1532.0,1575.0,1575.0,28.68,0.0
2025-03-15,1351.0,1524.0,1567.0,1567.0,28.81,0.0
2025-03-16,1351.0,1516.0,1558.0,1558.0,28.77,0.0
2025-03-17,1351.0,1508.0,1550.0,1550.0,27.3,0.0
2025-03-18,1351.0,1501.0,1542.0,1542.0,26.55,0.0
2025-03-19,1351.0,1493.0,1533.0,1533.0,27.89,0.0
2025-03-20,1352.0,1485.0,1525.0,1525.0,27.88,0.0
2025-03-21,1353.0,1350.0,1525.0,1525.0,26.75,0.0
2025-03-22,1353.0,1265.0,1517.0,1517.0,27.37,0.02
2025-03-23,1353.0,1180.0,1508.0,1508.0,27.66,0.0
2025-03-24,1354.0,1095.0,1500.0,1500.0,26.45,0.0
2025-03-25,1355.0,1195.0,1350.0,1250.0,28.09,0.0
2025-03-26,1356.0,1200.0,1400.0,1400.0,30.05,0.0
2025-03-27,1357.0,1100.0,1150.0,1150.0,30.48,0.0
2025-03-28,1358.0,1100.0,1400.0,1400.0,28.72,0.0
2025-03-29,1359.0,1000.0,1400.0,1250.0,26.47,0.0
2025-03-30,1359.0,1025.0,1375.0,1225.0,27.39,0.0
2025-03-31,1359.0,1050.0,1350.0,1200.0,28.69,0.0
2025-04-01,1359.0,1075.0,1325.0,1175.0,29.39,0.0
2025-04-02,1360.0,1100.0,1300.0,1150.0,28.35,0.0
2025-04-03,1361.0,1000.0,1350.0,1200.0,28.41,1.02
2025-04-04,1362.0,1000.0,1300.0,1100.0,29.67,0.08
2025-04-05,1363.0,900.0,1350.0,1050.0,30.19,0.0
2025-04-06,1363.0,950.0,1244.0,1025.0,31.85,0.0
2025-04-07,1364.0,1000.0,1139.0,1000.0,32.48,0.0
2025-04-08,1365.0,810.0,1220.0,1100.0,32.32,0.0
2025-04-09,1366.0,828.0,1275.0,1050.0,32.62,0.0
2025-04-10,1367.0,820.0,1260.0,1100.0,32.7,0.0
2025-04-11,1368.0,900.0,1110.0,1100.0,32.02,0.0
2025-04-12,1369.0,900.0,1100.0,1100.0,30.78,0.0
2025-04-13,1369.0,825.0,1125.0,1125.0,31.95,0.07
2025-04-14,1370.0,750.0,1150.0,1150.0,32.74,0.06
2025-04-15,1371.0,800.0,1100.0,900.0,31.79,0.0
2025-04-16,1372.0,600.0,1100.0,900.0,31.92,0.0
2025-04-17,1373.0,750.0,1050.0,800.0,33.77,0.0
2025-04-18,1374.0,780.0,1000.0,900.0,35.55,0.0
2025-04-19,1375.0,710.0,900.0,710.0,34.21,0.0
2025-04-20,1376.0,825.0,825.0,825.0,32.38,0.0
2025-04-21,1377.0,700.0,1250.0,900.0,32.3,0.0
2025-04-22,1378.0,700.0,1000.0,700.0,32.55,0.0
2025-04-23,1379.0,600.0,1100.0,1000.0,32.58,0.0
2025-04-24,1380.0,650.0,1010.0,1000.0,32.3,0.0
2025-04-25,1381.0,750.0,910.0,900.0,33.35,0.0
2025-04-26,1382.0,560.0,1100.0,900.0,33.31,0.0
2025-04-27,1382.0,580.0,975.0,800.0,32.55,0.0
2025-04-28,1383.0,600.0,850.0,700.0,33.24,0.05
2025-04-29,1383.0,725.0,880.0,805.0,34.8,0.0
2025-04-30,1384.0,850.0,910.0,910.0,33.78,0.0
2025-05-01,1384.0,792.0,905.0,905.0,33.88,0.0
2025-05-02,1385.0,735.0,900.0,900.0,33.51,0.0
2025-05-03,1385.0,711.0,943.0,916.0,33.85,2.34
2025-05-04,1385.0,688.0,986.0,931.0,32.91,0.97
2025-05-05,1385.0,664.0,1029.0,947.0,31.86,3.51
2025-05-06,1385.0,641.0,1071.0,963.0,29.59,0.08
2025-05-07,1385.0,617.0,1114.0,979.0,26.85,0.06
2025-05-08,1385.0,594.0,1157.0,994.0,26.75,0.0
2025-05-09,1386.0,570.0,1200.0,1010.0,29.14,0.52
2025-05-10,1387.0,700.0,1000.0,900.0,31.49,0.99
2025-05-11,1387.0,683.0,1008.0,883.0,32.74,0.27
2025-05-12,1387.0,667.0,1017.0,867.0,33.68,0.85
2025-05-13,1387.0,650.0,1025.0,850.0,33.46,0.0
2025-05-14,1387.0,633.0,1033.0,833.0,33.78,0.76
2025-05-15,1387.0,617.0,1042.0,817.0,34.3,0.03
2025-05-16,1388.0,600.0,1050.0,800.0,35.42,0.65
2025-05-17,1388.0,600.0,1046.0,801.0,36.18,0.24
2025-05-18,1388.0,600.0,1043.0,801.0,36.47,0.34
2025-05-19,1388.0,600.0,1039.0,802.0,35.92,0.09
2025-05-20,1388.0,600.0,1036.0,803.0,36.43,1.8
2025-05-21,1388.0,600.0,1032.0,804.0,36.36,0.99
2025-05-22,1388.0,600.0,1029.0,804.0,34.41,2.26
2025-05-23,1388.0,600.0,1025.0,805.0,33.19,1.17
2025-05-24,1388.0,600.0,1021.0,806.0,33.22,0.01
2025-05-25,1388.0,600.0,1018.0,806.0,33.12,0.01
2025-05-26,1388.0,600.0,1014.0,807.0,33.89,0.0
2025-05-27,1388.0,600.0,1011.0,808.0,35.2,12.82
2025-05-28,1388.0,600.0,1007.0,809.0,32.43,3.18
2025-05-29,1388.0,600.0,1004.0,809.0,32.72,0.68
2025-05-30,1389.0,600.0,1000.0,810.0,31.97,11.4
2025-05-31,1390.0,500.0,1100.0,600.0,31.01,0.01
2025-06-01,1390.0,508.0,1092.0,617.0,30.82,0.0
2025-06-02,1390.0,517.0,1083.0,633.0,30.0,0.03
2025-06-03,1390.0,525.0,1075.0,650.0,28.25,10.98
2025-06-04,1390.0,533.0,1067.0,667.0,29.53,0.18
2025-06-05,1390.0,542.0,1058.0,683.0,31.41,0.0
2025-06-06,1391.0,550.0,1050.0,700.0,30.58,8.77
2025-06-07,1391.0,475.0,1175.0,750.0,32.54,3.64
2025-06-08,1392.0,400.0,1300.0,800.0,33.14,0.2
2025-06-09,1392.0,400.0,1314.0,800.0,34.11,0.0
2025-06-10,1392.0,400.0,1329.0,800.0,34.61,0.0
2025-06-11,1392.0,400.0,1343.0,800.0,35.96,0.0
2025-06-12,1392.0,400.0,1357.0,800.0,35.87,3.45
2025-06-13,1392.0,400.0,1371.0,800.0,35.3,0.14
2025-06-14,1392.0,400.0,1386.0,800.0,33.4,12.28
2025-06-15,1393.0,400.0,1400.0,800.0,31.63,3.56
2025-06-16,1393.0,433.0,1443.0,900.0,31.39,1.47
2025-06-17,1393.0,467.0,1487.0,1000.0,30.04,2.57
2025-06-18,1393.0,500.0,1530.0,1100.0,29.82,0.15
2025-06-19,1393.0,533.0,1573.0,1200.0,27.35,9.36
2025-06-20,1393.0,567.0,1617.0,1300.0,28.26,12.82
2025-06-21,1394.0,600.0,1660.0,1400.0,28.12,8.01
2025-06-22,1395.0,400.0,1400.0,1000.0,26.35,30.26
2025-06-23,1395.0,550.0,1400.0,1150.0,26.67,18.08
2025-06-24,1396.0,700.0,1400.0,1300.0,27.58,11.92
2025-06-25,1396.0,688.0,1412.0,1262.0,27.7,5.74
2025-06-26,1396.0,675.0,1425.0,1225.0,27.58,13.58
2025-06-27,1396.0,662.0,1438.0,1188.0,27.65,12.92
2025-06-28,1396.0,650.0,1450.0,1150.0,27.2,1.16
2025-06-29,1396.0,638.0,1462.0,1112.0,26.74,18.73
2025-06-30,1396.0,625.0,1475.0,1075.0,27.03,11.95
2025-07-01,1396.0,612.0,1488.0,1038.0,25.22,16.02
2025-07-02,1397.0,600.0,1500.0,1000.0,24.88,49.41
2025-07-03,1397.0,633.0,1500.0,1000.0,25.84,10.74
2025-07-04,1397.0,667.0,1500.0,1000.0,25.98,8.61
2025-07-05,1398.0,700.0,1500.0,1000.0,25.18,7.98
2025-07-06,1398.0,729.0,1493.0,1064.0,25.42,1.83
2025-07-07,1398.0,757.0,1486.0,1129.0,26.76,7.94
2025-07-08,1398.0,786.0,1479.0,1193.0,25.74,6.05
2025-07-09,1398.0,814.0,1471.0,1257.0,27.27,6.24
2025-07-10,1398.0,843.0,1464.0,1321.0,25.82,3.07
2025-07-11,1398.0,871.0,1457.0,1386.0,26.48,2.04
2025-07-12,1399.0,900.0,1450.0,1450.0,26.17,17.46
2025-07-13,1399.0,838.0,1431.0,1369.0,24.94,37.36
2025-07-14,1399.0,775.0,1412.0,1288.0,25.26,10.07
2025-07-15,1399.0,712.0,1394.0,1206.0,25.11,1.49
2025-07-16,1399.0,650.0,1375.0,1125.0,25.19,13.28
2025-07-17,1399.0,588.0,1356.0,1044.0,24.86,20.2
2025-07-18,1399.0,525.0,1338.0,962.0,24.29,18.64
2025-07-19,1399.0,462.0,1319.0,881.0,26.1,0.64
2025-07-20,1400.0,400.0,1300.0,800.0,27.12,0.86
2025-07-21,1400.0,400.0,1314.0,800.0,27.32,6.24
2025-07-22,1400.0,400.0,1329.0,800.0,27.18,10.62
2025-07-23,1400.0,400.0,1343.0,800.0,26.11,26.57
2025-07-24,1400.0,400.0,1357.0,800.0,25.72,11.89
2025-07-25,1400.0,400.0,1371.0,800.0,26.1,19.18
2025-07-26,1400.0,400.0,1386.0,800.0,25.3,53.73
2025-07-27,1401.0,400.0,1400.0,800.0,25.05,39.77
2025-07-28,1401.0,450.0,1375.0,833.0,24.14,32.34
2025-07-29,1401.0,500.0,1350.0,867.0,23.88,63.06
2025-07-30,1401.0,550.0,1325.0,900.0,23.55,38.2
2025-07-31,1401.0,600.0,1300.0,933.0,24.61,2.7
2025-08-01,1401.0,650.0,1275.0,967.0,24.73,3.55
2025-08-02,1402.0,700.0,1250.0,1000.0,25.12,2.77
2025-08-03,1403.0,400.0,1300.0,800.0,25.58,1.08
2025-08-04,1403.0,400.0,1314.0,829.0,25.31,0.68
2025-08-05,1403.0,400.0,1329.0,857.0,26.05,2.31
2025-08-06,1403.0,400.0,1343.0,886.0,25.86,1.11
2025-08-07,1403.0,400.0,1357.0,914.0,26.05,2.87
2025-08-08,1403.0,400.0,1371.0,943.0,25.47,8.84
2025-08-09,1403.0,400.0,1386.0,971.0,25.41,12.29
2025-08-10,1404.0,400.0,1400.0,1000.0,25.5,18.39
2025-08-11,1405.0,300.0,1300.0,800.0,25.38,13.8
2025-08-12,1406.0,1100.0,1450.0,1450.0,24.31,1.87
2025-08-13,1406.0,940.0,1440.0,1360.0,25.8,7.12
2025-08-14,1406.0,780.0,1430.0,1270.0,26.34,7.11
2025-08-15,1406.0,620.0,1420.0,1180.0,27.29,7.23
2025-08-16,1406.0,460.0,1410.0,1090.0,27.25,4.91
2025-08-17,1407.0,300.0,1400.0,1000.0,27.5,5.91
2025-08-18,1407.0,329.0,1429.0,1000.0,27.37,5.31
2025-08-19,1407.0,357.0,1457.0,1000.0,27.15,9.26
2025-08-20,1407.0,386.0,1486.0,1000.0,25.98,16.04
2025-08-21,1407.0,414.0,1514.0,1000.0,24.48,17.81
2025-08-22,1407.0,443.0,1543.0,1000.0,24.02,20.98
2025-08-23,1407.0,471.0,1571.0,1000.0,23.94,14.25
2025-08-24,1408.0,500.0,1600.0,1000.0,23.94,14.25
2025-08-25,1408.0,540.0,1420.0,940.0,23.94,14.25
